机构名称,省份,城市/区县,关键关联人,经营状态,体系/关联标签,
湖南岳阳湘阴县英高特励志教育学校,湖南,岳阳市湘阴县,"李铮(校长),陈露(副校长),屈耀华(总教官)",已注销,英高特体系 ,
英高特励志培训学校,湖南,岳阳市湘阴县,"李铮(校长),陈露,屈耀华",已注销,英高特体系 ,
英高特励志教育培训中心,湖南,岳阳市湘阴县,"李铮(校长),陈露,屈耀华",已注销,英高特体系 ,
湖南岳阳湘阴县中山技术职业学校,湖南,岳阳市湘阴县,"李铮(法定代表人),汤超(高层)",存续,英高特体系 ,
湖南长沙岳麓区英高特励志教育咨询有限公司,湖南,长沙市岳麓区,"陈小旭(法定代表人),李铮(高层),邓玉春(监事)",存续,英高特体系 ,
湖南湘潭岳塘区励铮素质专修学校,湖南,湘潭市岳塘区,"李铮(高层),余姓校长,屈耀华(副校长),易声文(副总教官)",已注销,励铮体系 ,
湖南湘潭昭山示范区励铮素质教育学校,湖南,湘潭市昭山示范区,"李铮(高层),余姓校长,屈耀华,易声文",已注销,励铮体系 ,
湖南湘潭市雨湖区励铮教育咨询有限公司,湖南,湘潭市雨湖区,"陈露(法定代表人),余希帆(监事),李铮(高层)",存续,励铮体系 ,
湖南湘潭岳塘区青少年素质教育学校,湖南,湘潭市岳塘区,"李科(法定代表人),陈露,米星华,屈耀华,曾志强,吴奇,何新国,张耀军,刘超",存续,专门教育/英高特 ,
湖南湘潭岳塘区专门教育学校,湖南,湘潭市岳塘区,"李科,陈露,米星华,屈耀华,曾志强(总教官),吴奇(主任),何新国,张耀军,刘超",存续,专门教育/英高特 ,
湖南岳阳湘阴县岭北镇南华英高特励志培训学校,湖南,岳阳市湘阴县,"李铮,王麦龙",存续,英高特/南华 ,
湖南长沙望城区南华英高特励志教育学校,湖南,长沙市望城区,李铮(法定代表人),存续,英高特/南华 ,
湖南长沙岳麓区心励特训教育管理集团有限公司,湖南,长沙市岳麓区,"李铮(高层),邓玉春(法定代表人),陈露(监事),余希帆,吴奇",存续,心励特训 ,
湖南长沙岳麓区圣博特训体育俱乐部集团有限公司,湖南,长沙市岳麓区,"汤超(法定代表人),何季林,张锦",存续,圣博特训 ,
湖南岳阳市湘阴县袁家铺镇慧腾青少年心理成长培训学校,湖南,岳阳市湘阴县,"李铮,林涯(法定代表人),唐红(校长),甘灵杰,甘一平,吴扩,李峰,冯礼",存续,慧腾教育 ,
湖南岳阳市湘阴县袁家铺镇圣博青少年心理成长培训学校,湖南,岳阳市湘阴县,"李铮,林涯,唐红,甘灵杰,甘一平,吴扩,李峰,冯礼",存续,圣博教育 ,
湖南长沙岳麓区慧腾教育咨询有限公司,湖南,长沙市岳麓区,"甘一平(法定代表人),洪玲云,甘玲莉,甘双,甘翰钊",存续,慧腾教育 ,
湖南圣博特训体育俱乐部集团有限公司湘阴分公司,湖南,岳阳市湘阴县,何季林(负责人),已注销,圣博特训 ,
湖南慧腾特训体育俱乐部集团有限公司东塘分公司,湖南,岳阳市湘阴县,叶小行(负责人),存续,慧腾教育 ,
湖南岳阳市岳阳楼区福盈慧腾教育咨询有限公司,湖南,岳阳楼区,"甘一平(法定代表人),甘灵杰,陈佳宏",存续,慧腾教育 ,
湖南长沙岳麓区湘学教育管理集团有限公司,湖南,长沙市岳麓区,"汤超(法定代表人),陈露,李铮,李占红",存续,湘学教育 ,
湖南湘学教育管理集团有限公司湘阴东塘分公司,湖南,岳阳市湘阴县,汤超(负责人),存续,湘学教育 ,
湖南岳阳湘阴县艺素体辅导服务中心,湖南,岳阳市湘阴县,"邓玉春(法定代表人),陈露(监事),余希帆",存续,艺素体 ,
湖南长沙岳麓区心励特训教育管理集团有限公司,湖南,长沙市岳麓区,邓玉春(法定代表人),存续,心励特训 ,
湖南长沙望城区南英教育咨询有限公司,湖南,长沙市望城区,"王麦龙(校长/法定代表人),李朝阳,郭军子,林建,罗挺",已注销,南英教育 ,
湖南长沙岳麓区贤德教育咨询有限公司,湖南,长沙市岳麓区,"邓玉春(法定代表人),王快辉",存续,贤德教育 ,
湖南长沙岳麓区艺素体教育管理集团有限公司,湖南,长沙市岳麓区,"邓佳(法定代表人),李占红,汤超",存续,艺素体 ,
湖南岳阳湘阴县艺素体湘学文化体育有限公司,湖南,岳阳市湘阴县,"汤超(法定代表人),邓佳(监事)",存续,艺素体/湘学 ,
湖南岳阳湘阴县湘友文化体育有限公司,湖南,岳阳市湘阴县,"汤超,邓佳",存续,艺素体/湘学 ,
湖南青少年素质教育学校湘江新区分校,湖南,湘江新区,李铮(负责人),存续,专门教育 ,
湖南长沙开福区心励励铮教育管理集团有限公司,湖南,长沙市开福区,"余希帆(法定代表人),陈露(监事),李铮",存续,心励/励铮 ,
湖南岳阳市湘阴县励铮(青少年素质教育)沙田校区,湖南,岳阳市湘阴县,"李铮,任乐理,龙凤",存续,励铮/辅好孩 ,
湖南岳阳市湘阴县湘阴辅好孩素质教育,湖南,岳阳市湘阴县,"李铮,任乐理,龙凤",存续,励铮/辅好孩 ,
湖南省岳阳湘阴县辅好孩体育俱乐部有限公司,湖南,岳阳市湘阴县,"陈小旭(法定代表人),陈胜前",已注销,辅好孩 ,
湖南湘潭市湘乡市金石镇弦歌青少年素质教育培训学校,湖南,湘乡市,"邓佳(法定代表人),陈露",存续,弦歌特训 ,
湖南湘潭市湘乡市白田镇圣博艺术培训学校有限责任公司,湖南,湘乡市,黄秋香(法定代表人),存续,圣博教育 ,
湖南长沙市雨花区弦歌特训教育管理集团有限公司,湖南,长沙市雨花区,"甘令(法定代表人),叶小行,邓佳",存续,弦歌特训 ,
湖南岳阳湘阴县三职教育服务有限公司,湖南,岳阳市湘阴县,"邓玉春,陈露,李科,王寅,余希帆,范聘",已注销,英高特关联 ,
湖南长沙岳麓区佳特训体育俱乐部集团有限公司,湖南,长沙市岳麓区,"陈小旭(法定代表人),汤超(监事)",存续,佳特训 ,
湖南佳特训体育俱乐部集团有限公司东塘分公司,湖南,岳阳市湘阴县,"陈小旭,汤超",已注销,佳特训 ,
湖南佳特训体育俱乐部集团有限公司金龙分公司,湖南,岳阳市湘阴县,"陈小旭,汤超",已注销,佳特训 ,
湖南岳阳湘阴县铮铁艺术职业学校,湖南,岳阳市湘阴县,李铮(负责人),存续,铮铁艺术 ,
湖南岳阳湘阴县铮铁艺术培训学校,湖南,岳阳市湘阴县,李铮(负责人),存续,铮铁艺术 ,
湖南岳阳湘阴县湘敖文化旅游有限公司,湖南,岳阳市湘阴县,"汤超(法定代表人),李占红",存续,英高特关联 ,
湖南岳阳湘阴县大友文体健身中心,湖南,岳阳市湘阴县,李占红(负责人),存续,英高特关联 ,
湖南粤语湘阴县塑人心理励志教育中心,湖南,岳阳市湘阴县,王钊(负责),已注销,英高特关联 ,
湖南岳阳湘阴县心励文体素质拓展辅导中心,湖南,岳阳市湘阴县,陈小旭(负责人),已注销,心励特训 ,
湖南岳阳湘阴县益才青少年成长心理中心,湖南,岳阳市湘阴县,陈露(负责人),存续,英高特关联 ,
湖南岳阳湘阴县感恩励志辅导中心,湖南,岳阳市湘阴县,李铮(负责人),存续,英高特关联 ,
湖南岳阳市湘阴县洋沙湖镇亲情辅导健身服务中心,湖南,岳阳市湘阴县,汤超(负责人),存续,英高特关联 ,
湖南岳阳市湘阴县洋沙湖镇慧童健身服务中心,湖南,岳阳市湘阴县,汤超(负责人),存续,英高特关联,
湖南省岳阳市汨罗市春雷教育咨询有限公司,湖南,岳阳市汨罗市,"何新华(法定代表人),周龙,胡奇辉",存续,春雷教育 ,
湖南岳阳市汨罗市春雷职业培训学校,湖南,岳阳市汨罗市,"周龙(校长/法定代表人),陈李,黄细花",存续,春雷教育 ,
岳阳市春雷职业培训学校,湖南,岳阳市汨罗市,"周龙,陈李,黄细花",已注销,春雷教育 ,
湖南岳阳市汨罗市春雷青少年特训学校,湖南,岳阳市汨罗市,胡奇辉(法定代表人),已注销,春雷教育 ,
湖南长沙开福区启德励志教育基地,湖南,长沙市开福区,"李育全(法定代表人),李朝阳,伍逸聃,任子豪,洪趁趁,袁纯浩",存续,启德励志 ,
湖南长沙开福区启德励志教育咨询有限公司,湖南,长沙市开福区,"李育全,李朝阳,伍逸聃,任子豪",存续,启德励志 ,
湖南长沙开福区启德励志成才学校,湖南,长沙市开福区,"李育全,李朝阳,伍逸聃",存续,启德励志 ,
湖南长沙开福区启德励志教育特训学校,湖南,长沙市开福区,"李育全,李朝阳",存续,启德励志 ,
湖南长沙市望城区睿智青少年教育专门学校,湖南,长沙市望城区,"梁浩(法定代表人),罗铁生(创始人/校长),李俊(执行校长),黄教官,蔡教官",存续,睿智教育 ,
湖南长沙市望城区丁字湾街道南华素质教育学校,湖南,长沙市望城区,"严超峰(法定代表人),曾涛(校长),王洁,彭义",存续,南华教育 ,
湖南长沙市望城区南华青少年专门学校,湖南,长沙市望城区,"严超峰,曾涛,王洁,彭义",存续,南华教育 ,
湖南长沙望城区志华励志成长培训学校,湖南,长沙市望城区,杨霞(校长),存续,志华教育 ,
湖南长沙望城区志华青少年励志培训学校,湖南,长沙市望城区,杨霞(校长),存续,志华教育 ,
湖南岳阳湘阴县山鹰教育培训有限公司,湖南,岳阳市湘阴县,"岑微(法定代表人),张泊铭,屈耀华,李玉林,陈飞如",存续,山鹰特训 ,
湖南岳阳湘阴县山鹰特训教育学校,湖南,岳阳市湘阴县,"岑微,张泊铭,屈耀华,李玉林",存续,山鹰特训 ,
湖南益阳市资阳区成才励志教育培训学校,湖南,益阳市资阳区,"黄文(法定代表人),杨霞,钟映辉",存续,成才励志 ,
湖南益阳市资阳区成才励志心理咨询有限公司,湖南,益阳市资阳区,"黄文,杨霞",存续,成才励志 ,
湖南岳阳湘阴县5880青少年成长教育中心,湖南,岳阳市湘阴县,严树高(负责人),已注销,5880系列 ,
湖南湘潭市岳塘区启帆教育咨询服务部,湖南,湘潭市岳塘区,余希帆(负责人),存续,励铮关联 ,
湖南长沙岳麓区德智少年教育咨询有限公司,湖南,长沙市岳麓区,"姚喜(法定代表人),王彪,陈胜前,朱静",存续,德智少年 ,
湖南长沙天心区绿志教育咨询有限公司,湖南,长沙市天心区,"王快辉(法定代表人),胡旋",存续,贤德关联 ,
湖南岳阳湘阴县湘阴蓝图教育,湖南,岳阳市湘阴县,李铮(负责人),已注销,英高特关联 ,
湖南岳阳湘阴县岭北励志教育学校,湖南,岳阳市湘阴县,李铮(负责人),已注销,英高特关联 ,
湖南岳阳湘阴县湘好体育俱乐部有限公司,湖南,岳阳市湘阴县,"陈小旭(法定代表人),汤超",已注销,英高特关联 ,
湖南长沙岳麓区璐璐艺表体育俱乐部有限公司,湖南,长沙市岳麓区,"邓佳(法定代表人),汤超",存续,英高特关联 ,
湖南湘江新区璐璐艺表体育俱乐部有限公司,湖南,湘江新区,"邓佳,汤超",存续,英高特关联 ,
湖南岳阳湘阴县湘云体育俱乐部有限公司,湖南,岳阳市湘阴县,"邓佳(法定代表人),李四德",已注销,英高特关联 ,
湖南岳阳湘阴县湘韵艺术培训学校有限公司,湖南,岳阳市湘阴县,"李洁(法定代表人),邓佳(董事长),王艳君,蒋凯,王平,周伟红",存续,英高特关联 ,
湖南岳阳湘阴县展望青少年成长中心,湖南,岳阳市湘阴县,李科(负责人),已注销,英高特关联 ,
湖南岳阳湘阴县志坚教育中心,湖南,岳阳市湘阴县,陈志坚(负责人),存续,志坚教育 ,
湖南岳阳湘阴县智博教育,湖南,岳阳市湘阴县,何健强(负责人),存续,智博教育 ,
湖南岳阳湘阴县蓝途教育,湖南,岳阳市湘阴县,李敬文(负责人),已注销,蓝图关联 ,
湖南岳阳湘阴县蓝图小龙鱼培训学校,湖南,岳阳市湘阴县,李敬文(负责人),已注销,蓝图关联 ,
湖南岳阳湘阴县素华励志教育服务中心,湖南,岳阳市湘阴县,段敏(负责人),存续,志华关联 ,
湖南长沙岳麓区/湘江新区慧联精彩信息科技有限公司,湖南,长沙市岳麓区,"邓佳(法定代表人),汤超,雷彦东",存续,英高特关联 ,
湖南长沙岳麓区/湘江新区超素腾传媒有限公司,湖南,长沙市岳麓区,"邓佳(法定代表人),汤超,贺阳",存续,英高特关联 ,
湖南长沙市雨花区王帅心理咨询服务部,湖南,长沙市雨花区,李铮(负责人),存续,英高特关联 ,
湖南湘潭市湘潭县云湖桥镇青少年专门教育学校,湖南,湘潭县,"易勇华(法定代表人),彭主任",存续,专门教育 ,
湖南岳阳湘阴县广博心理咨询部,湖南,岳阳市湘阴县,陈露(负责人),已注销,英高特关联 ,
湖南岳阳湘阴县12355心理咨询中心,湖南,岳阳市湘阴县,陈露(负责人),已注销,英高特关联 ,
湖南岳阳湘阴县中凡体育俱乐部中心,湖南,岳阳市湘阴县,汤超(负责人),存续,英高特关联 ,
湖南岳阳湘阴县湘武体育俱乐部服务中心,湖南,岳阳市湘阴县,邓佳(负责人),存续,英高特关联 ,
湖南岳阳湘阴县城市互动文化传播有限公司,湖南,岳阳市湘阴县,"邓佳(法定代表人),张家维",存续,英高特关联 ,
湖南益阳资阳区养成教育发展有限公司,湖南,益阳市资阳区,"杨霞(法定代表人),罗燕辉",已注销,志华关联 ,
湖南长沙市宁乡市育才教育咨询有限公司,湖南,宁乡市,"张胜平(法定代表人),沈霞平",已注销,育才教育 ,
湖南长沙市宁乡市星荣心理咨询有限公司,湖南,宁乡市,"黄文(法定代表人),沈霞平",已注销,成才关联 ,
湖南长沙市宁乡市树才教育咨询有限公司,湖南,宁乡市,"沈霞平(法定代表人),张胜平",已注销,育才教育 ,
湖南长沙市雨花区南英家庭教育服务中心,湖南,长沙市雨花区,王麦龙(负责人),已注销,南英关联 ,
湖南岳阳市湘阴县东塘镇超铮体育俱乐部中心,湖南,岳阳市湘阴县,汤超(负责人),存续,英高特关联 ,
湖南岳阳市湘阴县东塘镇超智体育俱乐部中心,湖南,岳阳市湘阴县,汤超(负责人),存续,英高特关联 ,
湖南岳阳市湘阴县东塘镇德公体育俱乐部中心,湖南,岳阳市湘阴县,汤超(负责人),存续,英高特关联 ,
湖南长沙市岳麓区兴国教育咨询服务部,湖南,长沙市岳麓区,杨霞(负责人),已注销,志华关联 ,
湖南长沙市岳麓区兴国心理咨询服务部,湖南,长沙市岳麓区,杨霞(负责人),已注销,志华关联 ,
湖南岳阳市湘阴县岭北镇湘阴柳江5880青少年成长教育中心,湖南,岳阳市湘阴县,严树高(负责人),存续,5880系列 ,
湖南长沙市望城区五八八零心事咨询服务中心,湖南,长沙市望城区,严树高(负责人),已注销,5880系列 ,
湖南长沙市望城区五八八零心理咨询服务中心,湖南,长沙市望城区,严树高(负责人),已注销,5880系列 ,
湖南长沙市长沙县正角教育咨询有限责任公司,湖南,长沙县,"张春菊(法定代表人),段敏",存续,志华关联 ,
湖南岳阳湘阴县岭北镇大友网络科技有限公司,湖南,岳阳市湘阴县,"陈胜前(法定代表人),汤超,熊正线,叶小行",存续,英高特关联 ,
湖南岳阳湘阴县岭北镇大友芯港门诊有限公司,湖南,岳阳市湘阴县,汤超(法定代表人),已注销,英高特关联 ,
湖南长沙市宁乡市志华教育咨询有限公司,湖南,宁乡市,"段敏(法定代表人),夏海波",存续,志华关联 ,
湖南省长沙望城区青茁心理咨询有限公司,湖南,长沙市望城区,"高山(法定代表人),叶小华",存续,青茁心理 [cite: 2, 3]
湖南长沙岳麓区学湘教育科技有限公司,湖南,长沙市岳麓区,"李育全(法定代表人),李朝阳,袁纯浩",存续,启德关联 ,
湖南长沙芙蓉区思泽户外拓展有限公司,湖南,长沙市芙蓉区,"罗挺(法定代表人),袁倩霞",存续,南英关联 ,
湖南长沙浏阳市晨泽教育管理有限公司,湖南,长沙浏阳市,"郭军子(法定代表人),郭乐天",存续,南英关联 ,
湖南长沙开福区春禾教育科技有限公司,湖南,长沙市开福区,"谭陈晨(法定代表人),廖涯,李林娟",存续,春禾教育 ,
湖南长沙高新区麦萌教育科技有限公司,湖南,长沙高新区,"廖涯(法定代表人),吴兴吾,谭靖瑶,蔡坚,侯国军,苏洁丽,周文,彭珍,张文祥",已注销,麦萌教育 ,
湖南长沙岳麓区网标爱推网络科技有限公司,湖南,长沙市岳麓区,"谢文(法定代表人),罗佳,王彪",存续,德智关联 ,
湖南长沙市长沙县黄兴镇德智少年信息咨询服务部,湖南,长沙县,朱静(负责人),存续,德智关联 ,
湖南长沙岳麓区麦克家族教育科技有限公司,湖南,长沙市岳麓区,"吕铭(法定代表人),廖涯",已注销,麦萌关联 ,
湖南永州零陵区中博青少年素质教育专门学校,湖南,永州市零陵区,"唐海艳(负责人),唐淑凤",存续,立德/中博体系 ,
湖南永州零陵区中博教育咨询服务,湖南,永州市零陵区,"唐海艳,唐淑凤",存续,立德/中博体系 ,
湖南永州江永县振新青少年素质教育专门学校,湖南,永州市江永县,"史娟亚(法定代表人),唐海艳,梁校长",存续,振新教育 ,
湖南永州市零陵区护航学校,湖南,永州市零陵区,"顾永恒(法定代表人),唐海艳,唐美丽,李跃进,蒋尊典,唐淑凤",存续,护航学校 ,
湖南永州市零陵区护航武术培训学校有限公司,湖南,永州市零陵区,"顾永恒,唐海艳,唐美丽",存续,护航学校 ,
湖南永州市零陵区宗元学校,湖南,永州市零陵区,"陈滇(法定代表人),欧阳教练(阳鑫),唐海艳",存续,宗元学校 ,
湖南永州市零陵区中博青少年培训学校有限公司,湖南,永州市零陵区,"唐小波(法定代表人),唐海艳,阳鑫,刘迪鹏,唐博武,唐高林,唐君娥,桑管玲",存续,中博教育 ,
湖南永州市宁远县韦然青少年专门学校,湖南,永州市宁远县,"陈韦然(举办人),陈伟(法定代表人),唐海艳",存续,文德韦然 ,
湖南永州市宁远县文德韦然文武学校,湖南,永州市宁远县,"陈韦然,陈伟,唐海艳",存续,文德韦然 ,
湖南永州市冷水滩区培德教育咨询中心,湖南,永州市冷水滩区,"张阳(负责人),唐海艳",存续,中博关联 ,
湖南永州零陵区珠山镇中博心理咨询中心,湖南,永州市零陵区,"唐小波(负责人),唐海艳",存续,中博关联 ,
湖南长沙市长沙县杰龙励志专门学校,湖南,长沙县,"曾娟(法定代表人),方美(校长)",存续,杰龙特训 ,
湖南永州冷水滩区特学教育培训学校有限责任公司,湖南,永州市冷水滩区,"唐平稳(法定代表人),何慧娟,蒋群芳,胡耀文",存续,特学教育 ,
湖南永州冷水滩区远志特学教育培训学校有限责任公司,湖南,永州市冷水滩区,"蒋群芳(法定代表人),胡耀文",存续,特学教育 ,
湖南永州冷水滩区东方学堂教育培训学校有限责任公司,湖南,永州市冷水滩区,"唐志明(法定代表人),蒋群芳",存续,特学教育 ,
湖南永州市快乐宝贝教育咨询有限公司,湖南,永州市,"唐平稳(法定代表人),伍艳香",存续,特学关联 ,
湖南长沙雨花区快乐成长励心智青少年教育学校,湖南,长沙市雨花区,"刘迪鹏(法定代表人/校长),周丹(副校长),王聪(总教官)",存续,中博/励心智 ,
湖南长沙市开福区马思特培训学校有限公司,湖南,长沙市开福区,"李桂(法定代表人),胡大勇,陈海英,唐梦龙,罗宝林",存续,马思特 ,
湖南长沙市开福区马思特世纪云培训学校有限公司,湖南,长沙市开福区,"胡大勇(法定代表人),李桂,陈海英,唐梦龙,李文杰",已注销,马思特 ,
湖南岳阳湘阴县工业园区军粮供应有限公司,湖南,岳阳市湘阴县,"杨彪(法定代表人),郑孜文,戴谆,叶继文,刘聪",存续,军粮供应 ,
湖南岳阳临湘市文武学校,湖南,岳阳临湘市,刘淑君(法定代表人),存续,文武学校 ,
湖南长沙军晨教育科技有限公司,湖南,长沙市,许星星(法定代表人),存续,军晨教育 ,
湖南永州励志军晨教育科技有限公司,湖南,永州市,"黄志慧(法定代表人),蒋结勇",存续,军晨教育 ,
湖南长沙星达教育科技有限公司,湖南,长沙市,"许星星(法定代表人),梁付平",存续,军晨关联 ,
湖南长沙湘华文化传媒有限公司,湖南,长沙市,"许金灵(法定代表人),刘勇",存续,湘华传媒 ,
湖南长沙正泽教育咨询有限公司,湖南,长沙市,"杨伟(法定代表人),杨烨",存续,正泽教育 ,
湖南长沙市望城区青少年素能教育学校,湖南,长沙市望城区,未明确,存续,素能教育 ,
湖南长沙开福区至善励志教育咨询有限公司,湖南,长沙市开福区,"罗春喜(法定代表人),周陶,唐力",存续,至善励志 ,
湖南长沙岳麓区至善励志教育咨询有限公司,湖南,长沙市岳麓区,"罗春喜,周陶,唐力",存续,至善励志 ,
湖南长沙芙蓉区学树教育咨询有限公司,湖南,长沙市芙蓉区,"陈康(法定代表人),张珍",存续,学树教育 ,
湖南长沙岳麓区好欧教育咨询有限公司,湖南,长沙市岳麓区,"陈康(法定代表人),张珍",存续,学树关联 [cite: 5, 6]
湖南长沙长沙县志和成长教育发展有限公司,湖南,长沙县,"金毅(法定代表人),金罗明,朱娓",存续,志和教育 ,
湖南长沙市长沙县深度成长教育科技有限公司,湖南,长沙县,"金毅(法定代表人),金思理",存续,志和教育 ,
湖南长沙长沙县松元教育咨询有限公司,湖南,长沙县,"张立(法定代表人),金思理,金毅",已注销,志和教育 ,
湖南长沙市长沙县惠宁精神康复服务有限公司,湖南,长沙县,"金毅(法定代表人),周喜文",存续,志和教育 ,
湖南长沙市长沙县泽邦教育咨询集团有限公司,湖南,长沙县,"洪小军(法定代表人),张琦伟",存续,泽邦教育 ,
湖南长沙长沙县伟邦教育科技有限公司,湖南,长沙县,"苏勇兵(法定代表人),洪小军,张琦伟",存续,泽邦教育 ,
湖南长沙市长沙县回龙文武学校,湖南,长沙县,"刘悟华(法定代表人),刘利元(执行校长),陈宇",存续,文武学校 ,
湖南长沙岳麓区优必学教育咨询有限公司,湖南,长沙市岳麓区,"刘洋(法定代表人),贺杰",存续,优必学 ,
湖南长沙倍腾青少年启发教育学校,湖南,长沙市,黄晓玲(校长),已关闭,倍腾教育 ,
湖南省岳阳市启志青少年成长学校,湖南,岳阳市,未明确,存续,启志教育 ,
湖南长沙市长沙县湘越中学,湖南,长沙县,"张琦伟(法定代表人),邓石林(校长)",存续,泽邦关联 ,
湖南长沙高新区精鹰教育科技有限公司,湖南,长沙高新区,"吴元秀(法定代表人),高泽斌,赵靖",存续,精鹰教育 ,
湖南长沙雨花区福慧和文化传播有限公司,湖南,长沙市雨花区,"吴元秀(法定代表人),谭艳平",存续,精鹰教育 ,
湖南长沙清德教育咨询有限公司,湖南,长沙市,潘洪登(法定代表人),存续,清德教育 ,
湖南长沙军源青少年特色教育,湖南,长沙市,未明确,存续,军源教育 ,
湖南怀化市鹤城区城北街道英才学校,湖南,怀化市鹤城区,夏铭穗(法定代表人),存续,英才学校 ,
湖南娄底市娄星区水洞底镇希望青少年成长培训学校,湖南,娄底市娄星区,唐金财(法定代表人),存续,希望教育 ,
湖南娄底市娄星区忠志青少年专门学校,湖南,娄底市娄星区,曾志雄(法定代表人),存续,忠志教育 ,
湖南娄底市青少年励志特训学校,湖南,娄底市,钟鸿伟(法定代表人),存续,励志特训 ,
湖南娄底双峰县青少年专门教育学校,湖南,娄底市双峰县,李敏(法定代表人),存续,专门教育 ,
湖南长沙市宁乡市崇尚教育咨询有限公司,湖南,宁乡市,"李忠香(法定代表人),谭秋容,易胜其(校长),喻志昂,喻拥军",存续,崇尚教育 ,
湖南长沙市宁乡县德善青少年社会事务服务中心,湖南,宁乡县,"喻拥军,李忠香,易胜其",存续,崇尚关联 ,
湖南娄底湘中青少年成长特训学校,湖南,娄底市,易胜其(执行校长),存续,湘中特训 ,
湖南邵阳邵东县阳光少年特训学校,湖南,邵东县,魏英姿(法定代表人),已注销,阳光少年 ,
湖南邵阳隆回县远博特色教育学校,湖南,隆回县,黄渊波(法定代表人),存续,远博教育 ,
湖南益阳资阳区升鑫教育咨询工作室,湖南,益阳市资阳区,刘佳元(法定代表人),存续,升鑫教育 ,
湖南衡阳天天特训教育咨询有限公司,湖南,衡阳市,"吴彦玉(法定代表人),管利民",存续,天天特训 ,
湖南衡阳衡东县少林文武学校,湖南,衡东县,曹斌(法定代表人),存续,少林文武 ,
湖南衡阳衡南县誉彰教育有限公司,湖南,衡南县,"彭飞(法定代表人),张玲俐,黄艳姣",存续,彭飞武校 ,
湖南衡阳衡南县彭飞武校,湖南,衡南县,"彭飞,张玲俐",存续,彭飞武校 ,
湖南衡阳衡南县湘蓝职业学校有限公司,湖南,衡南县,"彭飞(法定代表人),张玲俐,唐一民,胡建军,肖功洪,廖一福,莫小丽",存续,湘蓝职校 ,
湖南益阳易启教育咨询有限公司,湖南,益阳市,王永虎(法定代表人),存续,易启教育 ,
湖南株洲市渌口区湘骏文武学校,湖南,株洲市渌口区,"谭志文(法定代表人),段琳芳",存续,湘骏文武 ,
湖南株洲茶陵亮亮体育,湖南,茶陵县,"段新民(法定代表人),谭盛花",存续,新民文武关联 ,
湖南株洲茶陵县新民文武学校,湖南,茶陵县,段新民(法定代表人),存续,新民文武 ,
湖南株洲茶陵县南北少林新民文武总校,湖南,茶陵县,段新民,存续,新民文武 ,
湖南株洲市天元区五博成人教育专修学校有限公司,湖南,株洲市天元区,"王鑫(法定代表人),姚琳,邓锋平,刘鑫磊,张佑玲,郭金华",存续,五博教育 ,
湖南郴州市临武县树人教育咨询有限公司,湖南,郴州市临武县,"陈铁飞(法定代表人),蒋铁根",存续,树人教育 ,
湖南郴州市嘉禾县坦坪镇文武专门学校有限公司,湖南,嘉禾县,"刘焕红(法定代表人),姜利华,刘康龙,姜利军,李清,李水英,张宏宇",存续,文武专门学校 ,
湖南郴州市嘉禾县坦坪镇文武培训学校有限公司,湖南,嘉禾县,"刘焕红(法定代表人),刘家柱,李清,李文军,李淑娟",存续,文武专门学校 ,
湖南郴州市嘉禾县珠泉镇禾仓武馆,湖南,嘉禾县,刘焕红(负责人),存续,文武专门学校 ,
湖南郴州汝城县明堂德智武术培训学校,湖南,汝城县,朱明堂(法定代表人),存续,德智武术 ,
湖南岳阳市君山区善一培训学校有限公司,湖南,岳阳市君山区,"雷芳(校长/法定代表人),黄治国,周孟",存续,善一特训 ,
湖南岳阳市君山区善一青少年特训学校,湖南,岳阳市君山区,"雷芳,黄治国",存续,善一特训 ,
湖南岳阳市君山区善一户外拓展有限公司,湖南,岳阳市君山区,"彭安(法定代表人),雷芳,李婷",存续,善一特训 ,
湖南岳阳市云溪区湘军善一高中部/预科部,湖南,岳阳市云溪区,未明确,存续,善一特训 ,
湖南长沙高新开发区善一教育科技有限公司,湖南,长沙高新区,"曹虎(法定代表人),唐岱",存续,善一特训 ,
湖南岳阳市君山区振博后勤服务有限公司,湖南,岳阳市君山区,"彭安(法定代表人),李婷",存续,善一关联 ,
湖南岳阳市君山区晗如心理咨询有限公司,湖南,岳阳市君山区,"刘小龙(法定代表人),赵汝洪",存续,善一关联 ,
湖南岳阳市君山区振旗消防安全服务有限公司,湖南,岳阳市君山区,"刘江丹(法定代表人),钟敏",存续,善一关联 ,
湖南岳阳汨罗市博睿教育咨询有限责任公司,湖南,汨罗市,"彭敏(法定代表人),雷芳",已注销,善一关联 ,
湖南岳阳汨罗市智择优教育科技有限公司,湖南,汨罗市,"曹虎(法定代表人),周孟",存续,善一关联 ,
湖南湘潭市雨湖区君健青少年素质教育培训学校有限公司,湖南,湘潭市雨湖区,"王勇(法定代表人),吴奇,曾永军,王彪,谢文,姚喜",存续,德智关联 ,
湖南郴州资兴市德志未来素质教育培训学校有限公司,湖南,资兴市,"黄治国(法定代表人),周孟,李启刚,李卫",存续,善一关联 ,
湖南郴州市资兴市德志未来心理咨询有限公司,湖南,资兴市,"李卫(法定代表人),周孟,李启刚",存续,善一关联 ,
湖南常德石门县全德教育咨询有限公司,湖南,石门县,"唐杰(法定代表人),王平平,卞兴河,曹虎",存续,善一关联 ,
湖南湘西土家族苗族自治州凤凰县廖家桥镇凤凰文武学校,湖南,凤凰县,张洛玮(法定代表人),存续,凤凰文武 ,
湖南长沙市望城区青少年素能教育学校,湖南,长沙市望城区,未明确,存续,素能教育 ,
湖南长沙市望城区学同培训学校,湖南,长沙市望城区,刘彪(法定代表人),存续,学同教育 ,
湖南长沙市望城区学同培训学校有限公司,湖南,长沙市望城区,"刘彪(法定代表人),袁伟英,张燕兵,张洁,赵丹,周照",已注销,学同教育 ,
湖南长沙市望城区学同教育管理有限公司,湖南,长沙市望城区,"刘彪(法定代表人),监事袁伟英,张燕兵",已注销,学同教育 ,
湖南长沙市望城区松塔培训学校,湖南,长沙市望城区,吴莎(法定代表人),存续,松塔教育 ,
湖南长沙市望城区松塔培训学校有限公司,湖南,长沙市望城区,"吴莎(法定代表人),周海燕,张倩,周绣云,李绍芳,赵三春",已注销,松塔教育 ,
湖南长沙市望城区松涛文化有限公司,湖南,长沙市望城区,"李绍芳(法定代表人),吴莎,周秀云",存续,松塔关联 ,
湖南长沙市望城区佳钰培训中心,湖南,长沙市望城区,"高永红(法定代表人),邹创,王旭,李燕,方亚兵,李益,尹玲",存续,佳钰教育 ,
湖南长沙市望城区上尚培训中心,湖南,长沙市望城区,"范鸽(法定代表人),张医卫,黄志国,黄志业,陈莉,龚丽平",存续,上尚教育 ,
湖南长沙望城区长沙上尚素能艺术有限公司,湖南,长沙市望城区,"张医卫(法定代表人),范鸽,龚丽平",存续,上尚教育 ,
湖南长沙市望城区源思培训学校,湖南,长沙市望城区,李刚(法定代表人),存续,源思教育 ,
湖南长沙市望城区源思培训学校有限公司,湖南,长沙市望城区,"李刚(法定代表人),张婷,黄生洪,张璐,赵文杰,陈香平",已注销,源思教育 ,
湖南长沙市望城区朵朵兔舞艺培训中心有限责任公司,湖南,长沙市望城区,"张婷(法定代表人),李刚,黄生洪,张璐,王焰,陈香平",存续,源思关联 ,
湖南长沙市望城区沙格教育咨询有限公司,湖南,长沙市望城区,"苏义(法定代表人),苏亚楼",存续,沙格教育 ,
湖南长沙市望城区多多乐培训学校,湖南,长沙市望城区,陈超(法定代表人),存续,多多乐 ,
湖南长沙市望城区艺术学校,湖南,长沙市望城区,徐维(法定代表人),存续,艺术学校 ,
湖南长沙市望城区多多乐培训学校有限公司,湖南,长沙市望城区,"陈超(法定代表人),吴小奇,罗雪梅,宁芳芳,吴件雄,杨娟娟",已注销,多多乐 ,
湖南长沙市望城区爱优贝培训学校,湖南,长沙市望城区,杨艳(法定代表人),存续,爱优贝 ,
湖南长沙市望城区爱优贝培训学校有限公司,湖南,长沙市望城区,"杨艳(法定代表人),陈竹清,彭倩,伍霞,肖婷婷,梅瑶",已注销,爱优贝 ,
湖南长沙市望城区牛娃培训学校有限公司,湖南,长沙市望城区,"陈焕斌(法定代表人),李小军,夏岚霁,尹俊垚,张晓知,苏玉洁",存续,牛娃教育 ,
湖南长沙望城区大泽湖街道多多乐教育咨询有限公司,湖南,长沙市望城区,陈超(法定代表人),存续,多多乐 ,
湖南长沙市望城区华悦培训学校有限公司,湖南,长沙市望城区,"钟宇(法定代表人),胡尚彬,胡易,杨馥,詹建华,管雄,张红军,胡斌",存续,华悦教育 ,
湖南益阳市桃江县华悦艺术培训学校有限公司,湖南,益阳市桃江县,"詹建华(法定代表人),詹梅芳,胡易,李艳,肖正初,胡凤姣",存续,华悦教育 ,
湖南长沙望城区悦之华文化传播有限公司,湖南,长沙市望城区,"詹建华(法定代表人),杨义",已注销,华悦关联 ,
湖南长沙市望城区珂楠培训中心有限公司,湖南,长沙市望城区,"吴在祜(法定代表人),吴杰,刘景,苏亚楼,岳友良",存续,珂楠培训 ,
湖南长沙市望城区壹品培训学校有限公司,湖南,长沙市望城区,"刘东博(法定代表人),刘可为,李想,童盼辉,姚星茂,彭建新",存续,壹品教育 ,
湖南长沙市望城区智学校外托管服务有限公司,湖南,长沙市望城区,"文放(法定代表人),莫翼鹏,吴俊",存续,金起航关联 ,
湖南长沙市望城区金起航培训中心有限责任公司,湖南,长沙市望城区,"文放(法定代表人),莫翼鹏,文演,李游",存续,金起航教育 ,
湖南长沙市望城区金起航校外托管服务有限公司,湖南,长沙市望城区,"文放(法定代表人),莫翼鹏",存续,金起航教育 ,
湖南长沙市雨花区龙洋教育管理有限公司,湖南,长沙市雨花区,"刘王梓洋(法定代表人),肖家骏,童盼辉",存续,壹品关联 ,
湖南长沙市岳麓区行知泽渠教育管理有限公司,湖南,长沙市岳麓区,"李敏(法定代表人),肖家骏",已注销,行知关联 ,
湖南长沙市望城区致知教育科技有限公司,湖南,长沙市望城区,"刘东博(法定代表人),刘可为",已注销,壹品关联 ,
山东临沂市兰山区第四人民医院下属临沂网络成瘾戒治中心,山东,临沂市兰山区,杨永信,已关闭,杨永信体系 ,
山东济南槐荫区宏开教育培训学校,山东,济南市槐荫区,"翟兆德(法定代表人),翟振杰,陶宏开",存续,宏开教育 ,
山东济南市长清区宏开教育咨询有限公司,山东,济南市长清区,"李承涛(法定代表人),翟兆海(监事)",已注销,宏开教育 ,
山东济南长清区新曙光教育培训学校,山东,济南市长清区,李承涛(法定代表人),已注销,宏开关联 ,
山东济南市槐荫区网康咨询服务有限公司,山东,济南市槐荫区,"翟振杰(法定代表人),翟兆海,房思玉,韦沛",存续,宏开教育 ,
山东济南市市中区网康教育培训学校,山东,济南市市中区,未明确,存续,宏开教育 ,
山东省心理卫生协会网瘾康复培训基地,山东,济南市,未明确,存续,宏开教育 ,
山东临沂市沂水县宏开教育咨询有限公司,山东,临沂市沂水县,"翟兆海(法定代表人),李承涛",已注销,宏开教育 ,
山东济南市长清区暖阳教育咨询有限公司,山东,济南市长清区,"李承涛(法定代表人),赵振翠",存续,暖阳心理 ,
山东济南长清区崮云湖街道暖阳心理咨询中心,山东,济南市长清区,李承涛(负责人),存续,暖阳心理 ,
山东济南市长清区暖阳教育咨询有限公司(注销项),山东,济南市长清区,"李承涛(法定代表人),董磊",已注销,暖阳心理 ,
山东潍坊峡山区正心教育咨询有限公司,山东,潍坊市峡山区,"王麦龙(校长/法定代表人),祝瑞军(监事)",存续,正心教育 ,
山东潍坊峡山区正心教育科技有限公司,山东,潍坊市峡山区,王麦龙(法定代表人),存续,正心教育 ,
山东潍坊峡山区正心户外拓展有限公司,山东,潍坊市峡山区,"王麦龙(法定代表人),由晗(监事)",存续,正心教育 ,
山东济南纽扣青少年教育学校,山东,济南市,"任红磊(法定代表人),黄杰(校长)",存续,纽扣教育 ,
山东济南市槐荫区纽扣远程教育咨询集团有限公司,山东,济南市槐荫区,"任红磊(法定代表人),张新兴(监事)",存续,纽扣教育 ,
山东济南市槐荫区纽扣远程教育咨询服务有限公司,山东,济南市槐荫区,"任红磊(法定代表人),张新兴(监事)",存续,纽扣教育 ,
山东纽扣远程教育咨询集团有限公司第一分公司,山东,济南市,任红磊(法定代表人),存续,纽扣教育 ,
山东纽扣远程教育咨询集团有限公司第二分公司,山东,济南市,任红磊(法定代表人),存续,纽扣教育 ,
山东纽扣远程教育咨询集团有限公司第三分公司,山东,济南市,任红磊(法定代表人),存续,纽扣教育 ,
山东纽扣远程教育咨询集团有限公司第四分公司,山东,济南市,任红磊(法定代表人),存续,纽扣教育 ,
山东纽扣远程教育咨询集团有限公司第五分公司,山东,济南市,任红磊(法定代表人),存续,纽扣教育 ,
山东纽扣远程教育咨询集团有限公司长清分公司,山东,济南市长清区,"任红磊,李振祥",存续,纽扣教育 ,
山东纽扣远程教育咨询集团有限公司济宁分公司,山东,济宁市,任红磊,已注销,纽扣教育 ,
山东济南市长清区纽扣教育培训学校有限公司,山东,济南市长清区,"任红磊(法定代表人),张新兴,王加强,贾文强,王彤,王晓鸽,呼靖",存续,纽扣教育 ,
山东济南市槐荫区纽扣在线教育咨询有限公司,山东,济南市槐荫区,"任红磊(法定代表人),张新兴",存续,纽扣教育 ,
山东济南市槐荫区纽扣教育科技研究院,山东,济南市槐荫区,任红磊(法定代表人),存续,纽扣教育 ,
山东济南市市中区纽扣心动力教育咨询有限公司,山东,济南市市中区,"任红磊(法定代表人),穆居康,王中山,刘光华",存续,纽扣教育 ,
山东济南市市中区纽扣优家教育咨询有限公司,山东,济南市市中区,"任红磊(法定代表人),穆居康,刘光华,王中山",存续,纽扣教育 ,
山东济南市历下区纽扣家和教育咨询有限公司,山东,济南市历下区,"任红磊(法定代表人),穆居康,王加远,王中山",存续,纽扣教育 ,
山东济南市市中区纽扣益家教育咨询有限公司,山东,济南市市中区,"任红磊(法定代表人),穆居康,刘光华,王中山",存续,纽扣教育 ,
山东济南市市中区纽扣心和教育咨询有限公司,山东,济南市市中区,"任红磊(法定代表人),穆居康,王中山,刘光华",存续,纽扣教育 ,
山东临沂罗庄区兴华教育科技有限公司,山东,临沂市罗庄区,"何红艳(法定代表人),毛玉香,胡尊伟",存续,兴华教育 ,
山东临沂兰山区华泽教育科技有限公司,山东,临沂市兰山区,"何红艳(法定代表人),曾昭东",存续,兴华关联 ,
山东济南历城区远大中医脑康医院(有限公司),山东,济南市历城区,"李黎(法定代表人),李银焰,林元豹,刘庆贵,苏国辉,温仁武,刘培明",存续,远大脑康 ,
山东济南历城区远大中医脑康医院,山东,济南市历城区,李银焰(负责人),已注销,远大脑康 ,
山东济南远大历城区中医脑康互联网医院有限公司,山东,济南市历城区,"李黎(法定代表人),刘磊",已注销,远大脑康 ,
山东济南远大中医脑康医院有限公司历城分公司,山东,济南市历城区,刘培明(负责人),存续,远大脑康 ,
山东济南市中区纳川心理教育咨询有限公司,山东,济南市中区,"李莉(法定代表人),刘忠鹏",存续,纳川心理 ,
山东济南市中区励志心理咨询服务有限公司,山东,济南市中区,"刘忠鹏(法定代表人),李莉",存续,纳川心理 ,
山东济南市中区励人教育咨询有限公司,山东,济南市中区,"李莉(法定代表人),夏丽,李媛媛",已注销,纳川心理 ,
山东济南历城区启康立德教育咨询有限公司,山东,济南市历城区,"李兆霞(法定代表人),薛喜杰",存续,启康立德 ,
山东济南天桥区雅博教育培训学校,山东,济南市天桥区,于雅博(法定代表人),已关闭,雅博教育 ,
山东济南市槐荫区东方雅博教育培训学校有限公司,山东,济南市槐荫区,张銮(法定代表人),已注销,雅博教育 ,
山东济南历城区多知教育咨询有限公司,山东,济南市历城区,"潘乙秀(法定代表人),石文君",存续,多知教育 ,
山东济南历城区喜达教育咨询有限公司,山东,济南市历城区,"潘乙秀(法定代表人),石文君",存续,多知关联 ,
山东济南历城区郭店镇科技防卫专修学院,山东,济南市历城区,闫文满(校长/法定代表人),已关闭,阳光教育 ,
山东济南历城区阳光青少年素质教育培训学校,山东,济南市历城区,闫文满(法定代表人),存续,阳光教育 ,
山东济南历城区现代青少年心理健康教育研究中心,山东,济南市历城区,闫文满(法定代表人),存续,阳光教育 ,
山东济南历城区德泓教育咨询有限公司,山东,济南市历城区,"徐雪夫(法定代表人),逯文通",存续,德泓教育 ,
山东济南历城区德泓教育培训学校,山东,济南市历城区,"徐雪夫,逯文通",存续,德泓教育 ,
山东济南历下区神康医院,山东,济南市历下区,邵燕东(负责人),存续,神康医院 ,
山东济南市天桥区仁人教育咨询服务有限公司,山东,济南市天桥区,"张仁海(法定代表人),薛文龙",存续,养正关联 ,
山东济南市天桥区仁人健康管理咨询有限公司,山东,济南市天桥区,"杨艳(法定代表人),高松",存续,养正关联 ,
山东潍坊市经济开发区养正育人教育信息咨询服务有限公司,山东,潍坊市,"张仁海(法定代表人),杨艳",存续,养正关联 ,
山东济南市天桥区双佳教育信息咨询有限公司,山东,济南市天桥区,"杜帅帅(法定代表人),史楚坤,董龙鑫",存续,琢玉体系 ,
山东济南天桥区双佳教育科技有限公司,山东,济南市天桥区,"杜帅帅(法定代表人),王倩,董龙鑫,赵丽琪",存续,琢玉体系 ,
山东济南天桥区琢玉锦华教育咨询服务有限公司,山东,济南市天桥区,"腾智勇(法定代表人),王倩,景嘉豪,赵丽琪",存续,琢玉体系 ,
山东济南天桥区琢玉静心教育咨询服务有限公司,山东,济南市天桥区,"景嘉豪(法定代表人),李豪杰,赵丽琪",存续,琢玉体系 ,
山东济南天桥区琢玉心理咨询服务集团有限公司,山东,济南市天桥区,"杨文荣(法定代表人),王倩,赵丽琪,景嘉豪,腾智勇",存续,琢玉体系 ,
山东济南天桥区琢玉教育咨询有限公司,山东,济南市天桥区,"杨文荣(法定代表人),邓志超,腾智勇,郝明博",存续,琢玉体系 ,
山东济南天桥区琢玉在线教育咨询,山东,济南市天桥区,"杨文荣,王倩,郝明博,腾智勇,商悦,陈金花",存续,琢玉体系 ,
山东济南天桥区琢玉有方教育咨询,山东,济南市天桥区,"杨文荣,王倩",存续,琢玉体系 ,
山东济南天桥区静悦心理咨询有限公司,山东,济南市天桥区,"杨文荣,王倩",存续,琢玉体系 ,
山东潍坊市奎文区养正素质教育有限公司,山东,潍坊市奎文区,"王晓(法定代表人),张永乐",存续,养正教育 ,
山东潍坊市经济开发区养正素质拓展有限公司,山东,潍坊市,"李佑涛(法定代表人),李右波,刘召永",存续,养正教育 ,
山东潍坊经济开发区养正青少年发展中心,山东,潍坊市,"李佑涛,李右波",存续,养正教育 ,
山东潍坊经济开发区悦学教育科技有限公司,山东,潍坊市,"李右波(法定代表人),张风彬,李民",存续,养正关联 ,
山东潍坊奎文区福泽教育咨询有限公司,山东,潍坊市奎文区,"惠炳奎(法定代表人),张鹏,邹梅",存续,福泽教育 ,
山东潍坊市经济开发区养正优家教育信息咨询服务有限公司,山东,潍坊市,"孙超(法定代表人),王倩",存续,养正关联 ,
山东济南市市中区凡图教育科技集团有限公司,山东,济南市市中区,"孙超(法定代表人),赵伟海",存续,凡图教育 ,
山东济南市市中区林风教育咨询有限公司,山东,济南市市中区,"孙超,赵伟海",存续,凡图教育 ,
凡图(山东)教育科技集团有限公司第一分公司,山东,济南市,孙超(负责人),存续,凡图教育 ,
山东潍坊奎文区坦途教育咨询有限公司,山东,潍坊市奎文区,"梁英平(法定代表人),刘岳",存续,坦途教育 ,
山东潍坊高新区文冠教育培训学校有限公司,山东,潍坊市高新区,"刘岳(法定代表人),高聪,李萌,李艳,王浩,李右波,贺瑶",已注销,坦途关联 ,
山东济南天桥区德颂教育咨询有限公司,山东,济南市天桥区,"任志贤(法定代表人),荀华国,刘海洋,张亚军",存续,德颂教育 ,
山东济南天桥区德颂教育科技有限公司,山东,济南市天桥区,"任志贤,荀华国",存续,德颂教育 ,
山东济南天桥区国轩堂文化科技有限公司,山东,济南市天桥区,"刘海洋(法定代表人),荀华国,王占磊",存续,德颂关联 ,
山东济南市历城区壹青脑健康科技有限责任公司,山东,济南市历城区,"马宜卿(法定代表人),李蓬扬,于洪森,霍佳星",存续,壹青脑科学 ,
山东济南市高新区壹青脑科学健康中心,山东,济南市高新区,"马宜卿,李蓬扬",存续,壹青脑科学 ,
山东济南市历城区华智鑫脑健康科技有限公司,山东,济南市历城区,"于洪森(法定代表人),霍佳星,李蓬扬",存续,壹青脑科学 ,
山东济南市高新区华智鑫脑健康科技有限公司,山东,济南市高新区,"于洪森,霍佳星",存续,壹青脑科学 ,
山东济南市历下区海风教育科技有限公司,山东,济南市历下区,"李蓬扬(法定代表人),李燕",存续,海风教育 ,
山东烟台市芝罘区励耘教育培训学校有限公司,山东,烟台市芝罘区,"任明美(法定代表人),李燕,徐慧,姚素粉,周全,初绍红",存续,励耘教育 ,
山东枣庄市山亭区翼云远行研学有限公司,山东,枣庄市山亭区,"邢致源(法定代表人),刘兴萍",存续,翼云远行 ,
山东枣庄市山亭区翼云远行教育,山东,枣庄市山亭区,邢致源,存续,翼云远行 ,
山东日照市东港区玉琢教育咨询中心,山东,日照市东港区,周威(法定代表人),存续,玉琢教育 ,
山东日照市东港区禾腾教育信息咨询有限公司,山东,日照市东港区,"朱磊(法定代表人),叶张栋",存续,禾腾/思恩 ,
山东淄博冠立教育咨询服务有限公司,山东,淄博市,"崔彦红(法定代表人),邢巍",存续,思恩关联 ,
山东潍坊青州市黄楼街道心种子教育咨询有限公司,山东,潍坊青州市,"曹永旺(法定代表人),张青华,满燕燕",存续,心种子 ,
山东潍坊青州市惠康心理咨询有限公司,山东,潍坊青州市,"曹永旺(法定代表人),王继叶",已注销,心种子关联 ,
山东潍坊市潍城区明阳素质拓展有限公司,山东,潍坊市潍城区,"赵涛(法定代表人),徐朋云",存续,明阳素质 ,
山东潍坊市潍城区明阳青少年素质拓展基地,山东,潍坊市潍城区,赵涛,存续,明阳素质 ,
山东青岛市北区才思汇教育咨询有限公司,山东,青岛市北区,"席晓莉(法定代表人),王少飞",存续,才思汇 ,
山东济南市槐荫区润馨教育咨询有限公司,山东,济南市槐荫区,"石建霞(法定代表人),苏俊杰,杨钧,王红华,王猛,徐晓燕,黄丽英",存续,润馨/曌泽 ,
山东济南市高新区曌泽教育咨询有限公司,山东,济南市高新区,石建霞,存续,润馨/曌泽 ,
山东济南市槐荫区幸福一生教育咨询有限公司,山东,济南市槐荫区,石建霞,存续,润馨/曌泽 ,
山东济宁嘉祥县蔚禾心理咨询服务有限公司,山东,济宁市嘉祥县,"仝义龙(法定代表人),王军,陈帅",存续,蔚禾/京航 ,
山东济宁京航教育科技发展有限公司,山东,济宁市,"仝义龙(法定代表人),王响,张琦,高福克",存续,蔚禾/京航 ,
济宁京航中等职业学校有限公司,山东,济宁市,"仝义龙(法定代表人),王响,高福克,张庆朋,梁之光",存续,蔚禾/京航 ,
山东济宁嘉祥县卫禾拓展服务有限公司,山东,济宁市嘉祥县,"仝义龙(法定代表人),张国情",存续,蔚禾/京航 ,
山东济宁汶上县安优迪教育培训学校有限公司,山东,济宁市汶上县,"荣晓丽(法定代表人),孙树芳,唐于万",已注销,每日佳/学森 ,
山东济宁汶上县桉妮花教育培训学校有限公司,山东,济宁市汶上县,"荣晓丽(法定代表人),蔡辉",已注销,每日佳/学森 ,
山东枣庄滕州市龙达职业培训学校有限公司,山东,枣庄滕州市,"荣晓丽(法定代表人),仝义龙",存续,每日佳/学森 ,
济宁市每日佳教育科技有限公司,山东,济宁市,"曹漫(法定代表人),唐于万,郝文彩",存续,每日佳/学森 ,
山东济宁市每日佳爱贝教育科技有限公司,山东,济宁市,"唐于万(法定代表人),杨晓青",已注销,每日佳/学森 ,
山东济宁嘉祥县启航职业培训学校,山东,济宁市嘉祥县,仝义龙(法定代表人),存续,蔚禾/京航 ,
山东济宁嘉祥县启航教育科技发展有限责任公司,山东,济宁市嘉祥县,"王园丽(法定代表人),庞国滨,荣晓丽,刘元元",存续,蔚禾/京航 ,
山东济宁汶上县希望教育培训学校有限公司,山东,济宁市汶上县,"林凡习(法定代表人),唐四妮,唐于万",存续,每日佳/学森 ,
山东济宁高新区学森教育培训学校有限公司,山东,济宁高新区,"高奇林(法定代表人),高齐,孙先建,唐于万,孙中起,黄玉洁",存续,每日佳/学森 ,
山东济宁市任城区学森培优教育培训学校有限公司,山东,济宁市任城区,"马俊青(法定代表人),孙先建,唐于万",存续,每日佳/学森 ,
山东济宁高新区睿智每日佳教育培训学校有限公司,山东,济宁高新区,"郝文彩(法定代表人),曹漫,唐于万,李秋爽,闫腾飞,杨晓青",存续,每日佳/学森 ,
济宁新东方文化艺术交流有限公司,山东,济宁市,"宋银环(法定代表人),郝文彩,唐于万",存续,每日佳/学森 ,
山东济宁任城区儒佳教育科技有限公司,山东,济宁市任城区,"郝文彩(法定代表人),徐曦",存续,每日佳/学森 ,
山东济宁汶上县学森教育咨询有限公司,山东,济宁市汶上县,"郝文彩(法定代表人),王加林,闫庆艳",存续,每日佳/学森 ,
山东济宁汶上县疯狂教育培训学校有限公司,山东,济宁市汶上县,"赵茜(法定代表人),唐于万",已注销,每日佳/学森 ,
山东济宁嘉祥县青春健康俱乐部,山东,济宁市嘉祥县,仝海苏(法定代表人),存续,青春健康 ,
山东济宁市嘉祥县营帆拓展服务有限公司,山东,济宁市嘉祥县,"张大梅(法定代表人),刘轩",存续,营帆拓展 ,
山东滨州晨宇教育咨询有限公司,山东,滨州市,"陈雨(法定代表人),陈铁林",存续,晨宇教育 ,
山东菏泽市开发区国刃迷彩拓展训练有限公司,山东,菏泽市,"尚斌(法定代表人),张家玮,马相奎",存续,国刃训练 ,
山东菏泽市开发区国刃训练基地,山东,菏泽市,尚斌,存续,国刃训练 ,
山东菏泽市郓城县起点教育咨询有限公司,山东,菏泽市郓城县,"侯玉倩(法定代表人),王海山",已注销,起点军事 ,
山东菏泽市郓城县起点军事教育,山东,菏泽市郓城县,侯玉倩,已注销,起点军事 ,
山东菏泽市牡丹区牡丹街道国花学校,山东,菏泽市牡丹区,刘珅材(法定代表人),存续,国花学校 ,
山东菏泽市牡丹区国花中等职业学校,山东,菏泽市牡丹区,刘珅材(法定代表人),存续,国花学校 ,
山东菏泽牡丹区牡丹街道华文教育科技发展有限公司,山东,菏泽市牡丹区,"谢吉伦(法定代表人),李明阁,刘雁冰",存续,国花关联 ,
山东菏泽牡丹区牡丹街道政道教育发展有限公司,山东,菏泽市牡丹区,"任广喜(法定代表人),李先振",存续,国花关联 ,
山东菏泽市单县明德教育培训学校,山东,菏泽市单县,石兴诺(法定代表人),存续,明德教育 ,
山东德州市经济技术开发区萤火教育咨询有限公司,山东,德州市,"徐建磊(法定代表人),陈猛",存续,萤火/百世树人 ,
山东德州市经济技术开发区百世树人教育咨询有限公司,山东,德州市,"徐建磊,陈猛",存续,萤火/百世树人 ,
山东德州市天衢新区萤火教育信息服务有限公司,山东,德州市,"徐建磊(法定代表人),王利兴,陈晓琪,包立梅",存续,萤火/百世树人 ,
山东德州市德城区启师教育有限公司,山东,德州市德城区,"罗朋涛(法定代表人),高杨",存续,启师教育 ,
山东德州市德城区蓝方教育咨询有限公司,山东,德州市德城区,"李晓龙(法定代表人),王书月",存续,蓝方教育 ,
山东德州市睿德教育科技有限公司,山东,德州市,"高青(法定代表人),朱双双",存续,睿德教育 ,
山东少林文武励志少年军校,山东,未明确,未明确,存续,少林文武 ,
山东济宁市汶上县正苗启德教育咨询有限公司,山东,济宁市汶上县,"张万红(法定代表人),侯龙芹,王长明",存续,正苗启德 ,
山东济宁市任城区正心心理咨询有限公司,山东,济宁市任城区,"冯军剑(法定代表人),冯书彬",存续,正心/德文关联 ,
山东济宁市邹城市润德教育咨询有限公司,山东,济宁市邹城市,"吴家冲(法定代表人),刘光华",存续,指引人生关联 ,
山东济宁市邹城市润德青少年心理成长基地,山东,济宁市邹城市,吴家冲,存续,指引人生关联 ,
山东济宁市任城区九州金榜教育咨询集团有限公司,山东,济宁市任城区,"李振祥(法定代表人),张朋朋",存续,指引人生体系 ,
山东济宁市任城区九州金榜心理咨询服务有限公司,山东,济宁市任城区,"李振祥(法定代表人),张朋朋,王丹丹",存续,指引人生体系 ,
山东济宁任城区有缘人心理咨询有限公司,山东,济宁市任城区,"徐田(法定代表人),李文会,冯海宁",已注销,指引人生体系 ,
山东济南市市中区指引人生教育科技研究院,山东,济南市市中区,李振祥(负责人),存续,指引人生体系 ,
山东济南市市中区指引人生教育咨询有限公司,山东,济南市市中区,"李振祥(法定代表人),李文会,郑辉",存续,指引人生体系 ,
山东济宁任城区指引人生心理咨询有限公司,山东,济宁市任城区,"李振祥(法定代表人),吴家冲",已注销,指引人生体系 ,
山东济宁市任城区智联金科教育信息咨询有限公司,山东,济宁市任城区,"张朋朋(法定代表人),吴家冲",已注销,指引人生体系 ,
山东济宁任城区纠正教育信息咨询有限公司,山东,济宁市任城区,"李振祥(法定代表人),张朋朋",已注销,指引人生体系 ,
山东济南市高新区九州金榜教育咨询服务有限公司,山东,济南市高新区,"李振祥(法定代表人),张朋朋,王丹丹",存续,指引人生体系 ,
山东济宁市任城区九州金榜心理康复诊所有限公司,山东,济宁市任城区,"李振祥(法定代表人),吴家冲",存续,指引人生体系 ,
山东济南市市中区有望教育科技有限公司,山东,济南市市中区,"李振祥(法定代表人),郑辉",已注销,指引人生体系 ,
山东淄博市桓台县心驿站心理咨询服务有限公司,山东,淄博市桓台县,"李卫(法定代表人),李丹沁",存续,善一关联 ,
山东淄博桓台县德志教育咨询有限公司,山东,淄博市桓台县,"邓庭保(法定代表人),曹虎,周孟",已注销,德志教育 ,
山东淄博桓台县德志户外拓展有限公司,山东,淄博市桓台县,"周孟(法定代表人),曹虎,邓庭保",已注销,德志教育 ,
山东济南槐荫区德志善元教育科技有限公司,山东,济南市槐荫区,"曹虎(法定代表人),曹思悦",存续,德志教育 ,
山东济宁市邹城市德文教育投资有限公司,山东,济宁市邹城市,"冯军剑(法定代表人),徐田,林泽帅,冯龙龙",存续,德文教育 ,
山东济南市历城区创图教育咨询有限公司,山东,济南市历城区,"王锐(法定代表人),王丽伟",存续,创图教育 ,
山东济南市历城区创图教育叛逆青少年特训营,山东,济南市历城区,王锐,存续,创图教育 ,
山东济宁任城区正苗启德文化传媒服务工作室,山东,济宁市任城区,方剑(负责人),存续,正苗启德 ,
山东济南槐荫区三生三世文化传媒有限公司,山东,济南市槐荫区,"王加远(法定代表人),王加强,于梦昭",存续,三生三世 ,
山东济南槐荫区三生三誓文化教育咨询有限公司,山东,济南市槐荫区,"王加远(法定代表人),王加强,沈海燕",存续,三生三世 ,
山东济南槐荫区执中教育投资有限公司,山东,济南市槐荫区,"王加远(法定代表人),张新兴,王彤",存续,纽扣关联 ,
山东济南槐荫区有梦人教育信息咨询有限公司,山东,济南市槐荫区,"郑辉(法定代表人),杨帆帆,董芳",存续,指引人生关联 ,
山东济南槐荫区知优教育信息咨询有限公司,山东,济南市槐荫区,"郑辉(法定代表人),杨帆帆",存续,指引人生关联 ,
济南市槐荫区关爱未成年人心理健康协会,山东,济南市槐荫区,王加远(法定代表人),存续,纽扣关联 ,
山东济南槐荫惜缘咨询服务中心,山东,济南市槐荫区,张新兴(负责人),已注销,纽扣关联 ,
山东济宁嘉祥县营帆拓展服务有限公司,山东,济宁市嘉祥县,"张大梅(法定代表人),刘轩",存续,营帆拓展 ,
山东济宁市任城区二十里铺街道养志教育科技有限公司,山东,济宁市任城区,"阮班政(法定代表人),刘丰硕,龙红春,庄成海,洪帆,杨海",存续,养志教育 ,
山东济宁市任城区养志专门教育,山东,济宁市任城区,阮班政,存续,养志教育 ,
山东青岛孔德青少年特训学校,山东,青岛市,未明确,存续,孔德教育 ,
湖北武汉市新洲区三店街道水沫榕泉青少年教育,湖北,武汉市新洲区,"万鸿,董亚雄,江芳,邢俊",已转移,榕泉树人体系 ,
湖北武汉市新洲区榕泉树人教育咨询有限公司,湖北,武汉市新洲区,"万鸿,董亚雄,江芳",已转移,榕泉树人体系 ,
湖北武汉市新洲区水沫榕泉教育咨询有限公司,湖北,武汉市新洲区,"万鸿,董亚雄,江芳",已转移,榕泉树人体系 ,
湖北武汉市东西湖区名泉树人教育咨询有限公司,湖北,武汉市东西湖区,"万鸿,江芳",存续,榕泉树人体系 ,
湖北潜江市周矶街道匠学教育咨询有限公司,湖北,潜江市,"卢凯,张军,周春吾,江芳,万鸿",存续,榕泉树人体系 ,
湖北潜江市园林街道乐学教育咨询有限公司,湖北,潜江市,"张军,陶世杰,蔡江梅",存续,榕泉树人体系 ,
湖北省潜江市周矶街道艾学邦教育咨询有限公司,湖北,潜江市,"卢凯,张军",存续,榕泉树人体系 ,
湖北武汉市武昌区宇凰青少年潜能成长基地,湖北,武汉市武昌区,"罗俊楠,罗贵洲",存续,宇凰体系 ,
湖北武汉市武昌区宇凰潜能培育基地科技有限公司,湖北,武汉市武昌区,"罗俊楠,罗贵洲",存续,宇凰体系 ,
湖北武汉市江夏区乌龙泉街道宇凰德育健康咨询有限公司,湖北,武汉市江夏区,"罗俊楠,罗贵洲,周琼",存续,宇凰体系 ,
湖北武汉市武昌区宇凰心学科技,湖北,武汉市武昌区,罗俊楠,存续,宇凰体系 ,
湖北武汉市武昌区宇凰教育科技有限公司,湖北,武汉市武昌区,罗俊楠,存续,宇凰体系 ,
湖北黄冈团风县汉凰行德健康咨询有限公司,湖北,黄冈市团风县,"罗俊楠,陈端,程园园",存续,宇凰体系 ,
湖北武汉市武昌区宇凰健康管理有限公司,湖北,武汉市武昌区,"全许辉,高远秀,王青春,陈端,雷雨,伍晓峰,张亮亮,刘永欢",存续,宇凰体系 ,
湖北武汉市江夏区心旅之家潜能咨询有限公司,湖北,武汉市江夏区,"罗俊楠,张楷平",存续,宇凰体系 ,
湖北武汉市武昌区宇凰文化艺术品有限公司,湖北,武汉市武昌区,"张亮亮,吴义高,雷雨,刘永欢",存续,宇凰体系 ,
湖北省宇凰文化传承发展有限公司南湖分公司,湖北,武汉市,闵志凯(负责人),已注销,宇凰体系 ,
湖北武汉武昌区亿千岁健康管理有限公司,湖北,武汉市武昌区,"闵志凯,李荣霞",已注销,宇凰体系 ,
湖北武汉市新洲区身修立德健康咨询有限公司,湖北,武汉市新洲区,"肖运森,高树志,李荣霞",存续,宇凰关联 ,
湖北武汉市新洲区润德育人教育咨询有限公司,湖北,武汉市新洲区,"高树志,蔡喜姣",已注销,宇凰关联 ,
湖北武汉市东西湖区嘉兰文化教育有限公司,湖北,武汉市东西湖区,"齐劲东,沈冰,文彩霞",存续,宇凰关联 ,
湖北黄冈市黄州区纽特教育咨询有限公司,湖北,黄冈市黄州区,"吴杰,余春生,叶金元,江普,桂玉娟,丁小鹏,代军",存续,纽特教育 ,
湖北武汉市东湖纽特生态旅游风景区心理咨询有限公司,湖北,武汉市东湖,"江普,吴杰,代琳",存续,纽特教育 ,
湖北武汉纽特心理青少年教育基地,湖北,武汉市东湖,江普,存续,纽特教育 ,
湖北武汉东湖新技术开发区纽特科技有限公司,湖北,武汉市东湖,"江普,吴杰,李莹莹",存续,纽特教育 ,
湖北武汉吴家山台商投资区心起点教育咨询有限公司,湖北,武汉市东西湖区,"吴佳孺,吴笛,江普,沈鸿丽,曹玉钢,徐俊",存续,纽特关联 ,
湖北武汉江岸区品智齐家教育科技有限公司,湖北,武汉市江岸区,"沈鸿丽,肖春,尹昱之,张震",已注销,纽特关联 ,
湖北武汉市江岸区和顺堂心理咨询有限公司,湖北,武汉市江岸区,"沈鸿丽,张国花,朱燕霞",已注销,纽特关联 ,
北京纽特思特文化发展有限公司武汉分公司,湖北,武汉市,江普(负责人),已注销,纽特教育 ,
湖北武汉市黄坡区蓝天更蓝素质教育学校,湖北,武汉市黄陂区,"阮顺利,陶宏开",存续,宏开体系 ,
湖北武汉市武汉经济技术开发区正苗启德教育咨询有限公司,湖北,武汉市经开区,"谢卫平,刘莎",存续,正苗启德 [cite: 1, 9]
湖北武汉明德励志成长教育中心,湖北,武汉市,谢卫平,存续,正苗启德 ,
湖北武汉正德励志教育咨询有限公司,湖北,武汉市,"谢卫平,刘莎",存续,正苗启德 ,
湖北武汉市武汉经济技术开发区德志教育咨询有限公司,湖北,武汉市经开区,"谢卫平,刘莎",存续,正苗启德 ,
湖北武汉市武汉经济技术开发区弘德励志教育科技有限公司,湖北,武汉市经开区,"谢卫平,刘莎",存续,正苗启德 ,
湖北武汉启航励志教育咨询有限公司,湖北,武汉市,"谢卫平,刘莎",存续,正苗启德 ,
湖北武汉市蔡甸区有德励志教育咨询有限公司,湖北,武汉市蔡甸区,"谢卫平,刘莎",存续,正苗启德 ,
湖北武汉市武汉经济技术开发区德胜励志教育咨询有限公司,湖北,武汉市经开区,"谢卫平,刘莎",存续,正苗启德 ,
湖北武汉德胜励志教育咨询有限公司,湖北,武汉市,"谢卫平,刘莎",存续,正苗启德 ,
湖北武汉护航励志教育咨询有限公司,湖北,武汉市,"谢卫平,刘莎",存续,正苗启德 ,
湖北武汉好未来教育咨询有限公司,湖北,武汉市,"谢卫平,刘莎",存续,正苗启德 ,
湖北武汉星辰励志教育咨询有限公司,湖北,武汉市,"谢卫平,刘莎",存续,正苗启德 ,
湖北武汉立德励志教育咨询有限公司,湖北,武汉市,"谢卫平,刘莎",存续,正苗启德 ,
湖北武汉市武汉经济技术开发区有德励志教育咨询有限公司,湖北,武汉市经开区,"谢卫平,刘莎",存续,正苗启德 ,
湖北武汉宏德励志教育咨询有限公司,湖北,武汉市,"谢卫平,刘莎",存续,正苗启德 ,
湖北武汉匠心励志教育咨询有限公司,湖北,武汉市,"谢卫平,刘莎",存续,正苗启德 ,
湖北武汉市新洲区正苗启德教育咨询有限公司,湖北,武汉市新洲区,"方剑,张万红,高梦婕",存续,正苗启德 ,
湖北武汉市新洲区育能益德教育咨询有限公司,湖北,武汉市新洲区,"张万红,方剑",已注销,正苗启德 ,
湖北长沙市雨花区正苗启德健康咨询工作室,湖北,长沙雨花区,方剑(负责人),存续,正苗启德 ,
湖北武汉东西湖区鑫好少年青少年教育学校,湖北,武汉市东西湖区,"杨伟力(校长),杨伟峰,姜利平",存续,鑫好少年 ,
湖北武汉东西湖区鑫好少年素质拓展有限公司,湖北,武汉市东西湖区,"杨伟力,杨伟峰",存续,鑫好少年 ,
湖北武汉武昌区都市学堂教育咨询有限公司,湖北,武汉市武昌区,"杨伟力,李强,吴启伦",已关闭,鑫好少年 ,
湖北武汉江夏区博学优才教育投资管理有限责任公司,湖北,武汉市江夏区,"杨伟力,熊斌,熊传年,周成英",存续,鑫好少年 ,
湖北鄂州市华容区好少年素质拓展中心,湖北,鄂州市华容区,杨伟力(法定代表人),已注销,鑫好少年 ,
湖北鄂州市鄂城区鑫启泰研学拓展有限公司,湖北,鄂城区,"王丽华,杨伟峰",已注销,鑫好少年 ,
湖北咸宁咸安区向上希望青少年成长学校,湖北,咸宁市咸安区,"邓协平(校长),邓巧琳",存续,向上希望 ,
湖北咸宁市咸安区子龙文武学校,湖北,咸宁市咸安区,"陈子龙(校长),陈学明,张彩霞,成丽",存续,子龙素质教育 ,
湖北咸宁市咸安区子龙素质教育,湖北,咸宁市咸安区,陈子龙,存续,子龙素质教育 ,
湖北咸宁市咸安区子龙文武叛逆学校,湖北,咸宁市咸安区,陈子龙,存续,子龙素质教育 ,
湖北咸宁赤壁市三国青少年成长学校,湖北,咸宁赤壁市,李强(法定代表人),存续,三国教育 ,
湖北咸宁赤壁市文武学校,湖北,咸宁赤壁市,李强,存续,三国教育 ,
湖北武汉洪山区星选教育咨询有限公司,湖北,武汉市洪山区,"王凡,段锦涛",存续,星选教育 ,
湖北武汉洪山区众里寻她文化传媒有限公司,湖北,武汉市洪山区,"王凡,王华",存续,星选关联 ,
湖北武汉洪山区荆楚优师教育咨询有限公司,湖北,武汉市洪山区,"王凡,段锦涛",存续,星选关联 ,
众里寻她文化传媒(武汉)有限公司汉川分公司,湖北,汉川市,卢笋(负责人),存续,星选关联 ,
湖北武汉洪山区霆凯教育科技有限责任公司,湖北,武汉市洪山区,"孙傲,涂操",存续,雷鹰体系 ,
雷鹰叛逆学校,湖北,武汉市洪山区,孙傲,存续,雷鹰体系 ,
雷鹰青少年素质教育基地,湖北,武汉市洪山区,孙傲,存续,雷鹰体系 ,
湖北武汉市洪山区霆凯教育科技有限责任公司第一分公司,湖北,武汉市洪山区,孙傲,存续,雷鹰体系 ,
湖北武汉市洪山区硕健教育科技有限责任公司,湖北,武汉市洪山区,"孙傲,涂操",存续,雷鹰体系 ,
湖北武汉市洪山区硕健教育科技有限责任公司第一分公司,湖北,武汉市洪山区,孙傲,存续,雷鹰体系 ,
湖北武汉市洪山区格迷教育科技有限责任公司,湖北,武汉市洪山区,"涂操,孙傲",存续,雷鹰体系 ,
湖北武汉洪山区谦诃教育科技有限公司,湖北,武汉市洪山区,"孙傲,陈园园",存续,雷鹰体系 ,
湖北武汉东湖嘉合美居房产信息咨询有限公司,湖北,武汉市,"倪城军,孙傲",存续,雷鹰关联 ,
湖北武汉洪山区霖赛教育科技有限公司,湖北,武汉市洪山区,"孙傲,陈园园",存续,雷鹰体系 ,
湖北武汉洪山区尔亿教育科技有限公司,湖北,武汉市洪山区,"孙傲,陈园园",存续,雷鹰体系 ,
湖北武汉洪山区钰兆教育科技有限公司,湖北,武汉市洪山区,"孙傲,陈园园",存续,雷鹰体系 ,
湖北武汉洪山区盛贵教育科技有限公司,湖北,武汉市洪山区,"孙傲,陈园园",存续,雷鹰体系 ,
湖北武汉洪山区同贵教育科技有限公司,湖北,武汉市洪山区,"孙傲,陈园园",存续,雷鹰体系 ,
湖北武汉洪山区天予讯诺教育科技有限公司,湖北,武汉市洪山区,陈园园(法定代表人),存续,雷鹰体系 ,
湖北武汉洪山区旭恒中教育科技有限公司,湖北,武汉市洪山区,"涂操,孙傲",存续,雷鹰体系 ,
湖北武汉洪山区榕伊教育咨询有限公司,湖北,武汉市洪山区,"董紫微,马艮兰",存续,雷鹰关联 ,
湖北武汉洪山区友星教育科技有限公司,湖北,武汉市洪山区,"董紫微,马艮兰",存续,雷鹰关联 ,
湖北武汉洪山区伦林教育咨询有限公司,湖北,武汉市洪山区,"陈园园,郭自超",存续,雷鹰体系 ,
湖北武汉洪山区速通卓吉教育科技有限公司,湖北,武汉市洪山区,"郭自超,陈园园",存续,雷鹰体系 ,
湖北武汉洪山区亮辰教育科技有限公司,湖北,武汉市洪山区,"董紫微,马艮兰",存续,雷鹰关联 ,
湖北黄冈星启航教育咨询有限公司,湖北,黄冈市,"余林杰,顾正君,江帆",存续,星启航 ,
湖北黄冈阳帆教育咨询有限公司,湖北,黄冈市,"余林杰,王涛,洪豆",已注销,星启航关联 ,
湖北黄冈英山县启明星青少年素质教育中心,湖北,黄冈市英山县,周雪琴(法定代表人),存续,启明星 ,
湖北襄阳市宜城市德胜教育咨询服务部,湖北,宜城市,余敏敏(法定代表人),存续,德胜教育 ,
湖北黄冈市黄州区映辉教育咨询有限公司,湖北,黄冈市黄州区,"杜新华,沈梅",存续,纽特关联 ,
湖北黄冈市黄州区启点教育投资有限公司,湖北,黄冈市黄州区,"袁汉林,杨娟,毛建刚",存续,启点教育 ,
湖北武汉东湖新技术开发区木华教育发展有限公司,湖北,武汉市,"袁汉林,董艳燕,赵娟",已注销,启点关联 ,
湖北宜昌夷陵区陈锋专门学校,湖北,宜昌市夷陵区,陈锋(校长),存续,陈锋教育 ,
湖北宜昌夷陵区少年西点阳光学校,湖北,宜昌市夷陵区,陈锋,存续,陈锋教育 ,
湖北省荆州石首市善德素质教育,湖北,石首市,"黎董事长,梅裕林(执行校长)",存续,善德教育 ,
湖北荆州石首市善德心理咨询有限公司,湖北,石首市,"陈峰(法定代表人),罗纪军",存续,善德教育 ,
湖北荆州石首市善德教育咨询有限公司,湖北,石首市,"黄发贵,罗纪军",已注销,善德教育 ,
湖北孝感至善励志教育专门学校,湖北,孝感市,未明确,存续,至善励志 ,
湖北孝感市高新区新征航职业培训学校有限公司,湖北,孝感市,"崔俊,胡艳华",存续,新征航 ,
湖北孝感市汉川市启泰特殊教育,湖北,汉川市,张国胜(法定代表人),存续,启泰教育 ,
湖北孝感市汉川市启泰实验学校,湖北,汉川市,张国胜,存续,启泰教育 ,
湖北襄阳市襄州区中山青少年特训学校,湖北,襄阳市,未明确,存续,中山特训 ,
湖北黄冈市黄州区素励课外培训学校有限公司,湖北,黄冈市黄州区,"吴细旺,陆桃花,吴旺生,陈秋明,刘佳怡,余柏良,李其",存续,素励/思义 ,
湖北省黄冈黄州区思义教育咨询有限公司,湖北,黄冈市黄州区,"李铮(高层),方春荣,余柏良,林立聪",存续,素励/思义 ,
湖北省黄冈黄州区思义素质教育学校,湖北,黄冈市黄州区,"李铮,方春荣",存续,素励/思义 ,
湖北省随州广水市杨寨镇善聆心理咨询有限公司,湖北,随州市,"范杰,方春荣,范伟,王校长,林教官",存续,善聆心理 ,
湖北武汉黄陂区农昊教育咨询有限公司,湖北,武汉市黄陂区,"方春荣,林建东",已注销,善聆关联 ,
湖北黄冈黄州区荣航教育咨询有限公司,湖北,黄冈市黄州区,"林立聪,林建东,方春荣",已注销,善聆关联 ,
湖北黄冈黄州区善融文化传播有限公司,湖北,黄冈市黄州区,"余金瑶,毛晓峰,方春荣",已注销,善聆关联 ,
湖北武汉市新洲区弘武海风体育培训学校有限公司,湖北,武汉市新洲区,"高梦婕,梅超,丁炳硕,郭小康,蔡志昊,陈柘",存续,正苗关联 ,
湖北武汉新洲区树人励志教育咨询有限公司,湖北,武汉市新洲区,"方剑,高梦婕",存续,正苗关联 ,
湖北武汉新洲区智深教育咨询有限公司,湖北,武汉市新洲区,"方剑,高梦婕",存续,正苗关联 ,
湖北武汉新洲区立仁励志教育咨询有限公司,湖北,武汉市新洲区,"方剑,高梦婕",存续,正苗关联 ,
湖北武汉新洲区正苗励志教育咨询有限公司,湖北,武汉市新洲区,"方剑,高梦婕",存续,正苗关联 ,
湖北武汉新洲区众舟励志教育咨询有限公司,湖北,武汉市新洲区,"方剑,高梦婕",存续,正苗关联 ,
湖北武汉新洲区初心励志教育咨询有限公司,湖北,武汉市新洲区,"方剑,高梦婕",存续,正苗关联 ,
湖北武汉新洲区茁苗教育咨询有限公司,湖北,武汉市新洲区,"方剑,高梦婕",存续,正苗关联 ,
湖北武汉新洲区树仁教育咨询有限公司,湖北,武汉市新洲区,"方剑,高梦婕",存续,正苗关联 ,
湖北黄冈市团风县德树教育咨询有限公司,湖北,黄冈市团风县,"吴旺生,王锐,李其,吴超",已注销,素励/思义关联 ,
湖北黄冈市团风县思攀翔教育咨询有限公司,湖北,黄冈市团风县,"吴旺生,刘佳怡,余柏良,陈秋明",已注销,素励/思义关联 ,
湖北黄冈市黄州区德航教育咨询有限公司,湖北,黄冈市黄州区,"王锐,李其,宋洪明",已注销,素励/思义关联 ,
湖北黄冈市黄州区启升教育咨询有限公司,湖北,黄冈市黄州区,"吴细旺,王锐,莫婷婷",存续,素励/思义关联 ,
湖北黄冈市黄州区启智教育咨询有限公司,湖北,黄冈市黄州区,"谭雪琴,汤超,叶小行",存续,英高特关联 ,
湖北孝感市汉川市正苗启德青少年特训学校,湖北,汉川市,"龚天勇(执行校长),段喜明,袁红灵,司马义",存续,正苗启德 ,
四川成都新都区新巴蜀青少年特训学校,四川,成都市新都区,"罗小娟(罗伟),万涛",存续,新巴蜀体系 ,
四川成都新都区新巴蜀拓展训练有限公司,四川,成都市新都区,"罗小娟(罗伟),万涛",存续,新巴蜀体系 ,
四川成都锦江区中素国际教育咨询集团有限公司,四川,成都市锦江区,"刘文保,余梅,刘平,廖庆明,侯晶森",存续,中素集团 ,
四川成都双流区赏美素质教育,四川,成都市双流区,"邓勇,彭书银,郑超,陈明琼,李祥伟,何青松",已关闭,赏美体系 ,
四川成都双流区赏美教育咨询有限公司,四川,成都市双流区,"邓勇,彭书银,郑超,陈明琼,李祥伟,何青松",已关闭,赏美体系 ,
四川成都双流区德尚美素质教育基地,四川,成都市双流区,"郑超,李祥伟",已关闭,赏美体系 ,
四川成都双流区德尚美拓展训练有限公司,四川,成都市双流区,"郑超,李祥伟",已关闭,赏美体系 ,
四川成都新都区心海岸素质教育基地,四川,成都市新都区,"杨智泷,刘远琼,彭文祥",存续,心海岸教育 ,
四川成都新都区心海岸教育咨询有限公司,四川,成都市新都区,"杨智泷,刘远琼,彭文祥",存续,心海岸教育 ,
四川成都郫都区嘉年华青少年心理辅导中心,四川,成都市郫都区,"陈德平,陈德凤",已关闭,嘉年华 ,
四川成都郫都区嘉年华健身服务有限公司,四川,成都市郫都区,"陈德平,陈德凤",已关闭,嘉年华 ,
四川成都青白江区宏恩拓展训练有限公司,四川,成都市青白江区,"刘迪炜,刘学庆,陈勇",已注销,宏恩拓展 ,
四川成都武侯区百草园拓展训练有限公司,四川,成都市武侯区,"刘迪炜,吕川,蒋亮",存续,百草园 ,
四川成都新都区众星育人教育咨询集团有限公司,四川,成都市新都区,"罗小娟(罗伟),万涛,范春来",存续,新巴蜀关联 ,
四川成都青羊区精鹰教育咨询有限公司,四川,成都市青羊区,"刘文保,廖庆明",存续,中素/精鹰 ,
四川眉山市东坡区三苏立德心理咨询有限公司,四川,眉山市东坡区,"侯晶森,王成良,彭成林,廖庆明,向妹容",存续,立德体系 ,
四川成都双流区立新引航拓展训练有限公司,四川,成都市双流区,"邓勇,李祥伟,彭书银,郑超,陈明琼",存续,赏美关联 ,
四川成都市温江区精诚弘毅素质拓展基地,四川,成都市温江区,"彭书银,杨佳",存续,精诚弘毅 ,
四川成都市温江区精诚弘毅教育咨询有限责任公司,四川,成都市温江区,"彭书银,杨佳",存续,精诚弘毅 ,
四川成都双流区利领启卓拓展训练有限公司,四川,成都市双流区,"卓江伟,苏玲",已注销,利领教育 ,
四川成都双流区青禾启卓园教育咨询有限公司,四川,成都市双流区,"陈鹅,苏玲",存续,利领教育 ,
四川成都双流区利领启卓教育咨询有限公司,四川,成都市双流区,"陈鹅,苏玲",存续,利领教育 ,
四川成都双流区青禾启卓拓展训练有限公司,四川,成都市双流区,"刘卓鑫,陈鹅,李再凤",存续,利领教育 ,
四川成都市金堂县高板街道精诚弘毅拓展基地,四川,成都市金堂县,"彭书银,张杰",存续,精诚弘毅 ,
四川成都新津区铁溪拓展训练基地,四川,成都市新津区,未明确,存续,铁溪基地 ,
四川成都忠山立德拓展训练有限公司,四川,成都市,"侯晶森,梁毅,廖庆明,王成良",存续,立德体系 ,
四川眉山市洪雅县精鹰睿智教育咨询有限公司,四川,眉山市洪雅县,"徐胜,余梅",已注销,精鹰关联 ,
四川成都新都区菁华素质教育拓展基地,四川,成都市新都区,"厚照明,厚敬明",存续,菁华/西南鸿鹄 ,
四川成都新都区菁华至宏拓展训练有限公司,四川,成都市新都区,"厚照明,厚敬明",存续,菁华/西南鸿鹄 ,
四川成都成华区菁华至宏教育咨询,四川,成都市成华区,"厚照明,厚敬明",存续,菁华/西南鸿鹄 ,
四川成都成华区绿之韵教育咨询有限公司,四川,成都市成华区,"厚照明,厚敬明",存续,菁华/西南鸿鹄 ,
四川成都成华区菁华至宏拓展教育学校,四川,成都市成华区,"厚照明,厚敬明",存续,菁华/西南鸿鹄 ,
四川成都市新都区新舟行拓展训练有限公司,四川,成都市新都区,"彭勇,濮磊,谢觉路",存续,新舟行 ,
四川成都郫都区睿普思教育咨询有限公司,四川,成都市郫都区,"罗小娟,张志林",存续,新巴蜀关联 ,
四川成都金牛区华辰启慧教育咨询有限公司,四川,成都市金牛区,"罗小娟,张惠芬,张晓敏",已注销,新巴蜀关联 ,
四川内江隆昌市兴龙初级中学,四川,内江隆昌市,"许贤芬,邹秀利",存续,兴龙中学 ,
四川乐山市夹江县文礼武术学校,四川,乐山市夹江县,刘明清,存续,文礼武校 ,
四川乐山市夹江县峨眉武术传习院,四川,乐山市夹江县,刘明清,存续,文礼武校 ,
四川峨眉山市桂花桥镇峨眉武术学校,四川,峨眉山市,"沈军树,沈贵华",存续,峨眉武校 ,
四川眉山东坡区创星英才体能拓展训练有限公司,四川,眉山市东坡区,"唐志超,徐胜,罗小娟(罗伟),黄建超,唐丽,莫建清",存续,新巴蜀/精鹰关联 ,
四川成都市邛崃市利领教育咨询有限公司,四川,成都市邛崃市,"卓江伟,赵坤,苏玲",存续,利领教育 ,
四川成都市郫都区博喻星辰拓展训练有限公司,四川,成都市郫都区,"何青松,张天芳,濮磊,彭勇",存续,博喻星辰 ,
四川成都市天府新区哈瑞波特教育咨询有限公司,四川,成都市天府新区,"雷琳,段娅玲",存续,哈瑞波特 ,
四川成都市郫都区鹏舟拓展训练有限公司,四川,成都市郫都区,"何青松,张天芳",存续,鹏舟拓展 ,
四川成都市新都区隽展教育咨询有限公司,四川,成都市新都区,"卓江伟,何青松",已注销,利领关联 ,
四川广安市广安区弘毅心理咨询有限公司,四川,广安市广安区,"卓识,何青松",已注销,精诚弘毅关联 ,
四川成都市崇州市领航少年拓展训练有限公司,四川,成都市崇州市,"赵坤,张平颂,李茂",存续,领航少年 ,
四川成都新都区西南鸿鹄拓展训练有限公司,四川,成都市新都区,"厚照明,厚敬明",存续,西南鸿鹄 ,
四川成都武侯区斯普尔教育咨询有限公司,四川,成都市武侯区,"刘迪炜,吕川,蒋亮",存续,宏恩/百草园关联 ,
四川成都天府新区心领航心理咨询有限公司,四川,成都市天府新区,"刘迪炜,蒋亮",存续,宏恩/百草园关联 ,
四川成都天府新区尊辉心理咨询有限公司,四川,成都市天府新区,"刘迪炜,蒋亮",已注销,宏恩/百草园关联 ,
四川成都中芸子教育管理有限公司,四川,成都市,"廖庆明,向妹容,徐源,余华川",存续,芸子教育 ,
四川成都双流区芸子拓展训练有限公司,四川,成都市双流区,"廖庆明,向妹容",存续,芸子教育 ,
四川成都双流区穹鸣琛教育管理有限公司,四川,成都市双流区,"廖庆明,向妹容",存续,芸子教育 ,
四川成都新都区先农青禾健康咨询有限公司,四川,成都市新都区,"刘卓鑫,苏元荣,彭勇,何贵群,何友平",存续,青禾/利领关联 ,
四川成都新都区励志弘源拓展训练有限公司,四川,成都市新都区,"刘卓鑫,苏元荣,彭勇",存续,青禾/利领关联 ,
四川成都新都区青禾新途拓展训练有限公司,四川,成都市新都区,"刘卓鑫,苏元荣,何贵群",存续,青禾/利领关联 ,
四川成都新都区青禾勇士拓展训练有限公司,四川,成都市新都区,"杨建军,苏元荣,何贵群",存续,青禾/利领关联 ,
四川成都成华区斯慧尔教育咨询有限公司,四川,成都市成华区,"吕川,曾庆宇",存续,百草园关联 ,
四川成都武侯区瑞洲教育咨询有限公司,四川,成都市武侯区,"刘学庆,周小燕",已注销,瑞洲/明道关联 ,
四川成都市龙泉驿区洛带镇瑞洲心理咨询所,四川,成都市龙泉驿区,刘学庆(负责人),已注销,瑞洲关联 ,
四川成都龙泉驿区同安街办军仪素质教育咨询服务部,四川,成都市龙泉驿区,刘学庆(负责人),已注销,瑞洲关联 ,
四川眉山市东坡区雪山豹户外拓展训练有限公司,四川,眉山市东坡区,"彭成林,徐进军,周明会",存续,雪山豹拓展 ,
四川成都温江区华埔教育咨询有限公司,四川,成都市温江区,"周小燕,刘学庆",存续,明道关联 ,
四川成都东部新区闻愉心理咨询有限责任公司,四川,成都市东部新区,"张万昌,秦雪梅",已注销,九舟关联 ,
四川成都东部新区九舟体育培训学校有限责任公司,四川,成都市东部新区,"秦雪梅,刘珂汗,曾庆宇,张万昌,杨丹,贾斌",存续,九舟体育 ,
四川成都市青白江区此心安处心理咨询有限公司,四川,成都市青白江区,"陈娟,廖庆明",已注销,中素关联 ,
四川成都武侯区胜蓝侠教育咨询有限公司,四川,成都市武侯区,"李侠(法定代表人),陈人辅(监事)",存续,胜蓝侠体系 ,
四川成都武侯区侠翊鑫教育咨询有限公司,四川,成都市武侯区,"李侠,陈人辅",存续,胜蓝侠体系 ,
四川成都才硕通侠教育咨询有限公司,四川,成都市武侯区,"李侠,陈人辅",存续,胜蓝侠体系 ,
四川成都富智卓深教育咨询有限公司,四川,成都市武侯区,"陈人辅(法定代表人),李侠",存续,胜蓝侠体系 ,
四川成都武侯区耀畅辅鑫教育咨询有限公司,四川,成都市武侯区,"陈人辅,李侠",存续,胜蓝侠体系 ,
四川成都武侯区硕馨橙辅教育咨询有限公司,四川,成都市武侯区,"陈人辅,李侠",存续,胜蓝侠体系 ,
四川成都龙泉驿区平素健康管理咨询有限公司,四川,成都市龙泉驿区,"吴秋红,赵淑萍,王远玲,吴雨灿",存续,平素健康 ,
四川成都龙泉驿区平素健康教育,四川,成都市龙泉驿区,吴秋红,存续,平素健康 ,
四川眉山市仁寿县天府新区信息职业学院,四川,眉山市仁寿县,"蓝文才,罗光华",存续,天府信息学院 ,
四川成都大邑县明轩育德拓展训练有限公司,四川,成都市大邑县,"明瑞煊,王磊,周兆彬",存续,明轩育德 ,
四川成都温江区明轩教育咨询有限公司,四川,成都市温江区,"明瑞煊,王磊,明云霞",存续,明轩育德 ,
四川成都温江区长空拓展训练有限公司,四川,成都市温江区,"王磊,杜丹丽",存续,明轩育德 ,
四川成都市温江区西点精英拓展训练有限公司,四川,成都市温江区,"王亚东,吕军,罗洋,刘曲,欧毅,武玉君",存续,西点精英 ,
四川成都崇州市研教拓展训练有限公司,四川,成都市崇州市,"易军,王亚东,武玉君,周小琳,邓冬",存续,研教素质 ,
四川成都崇州市研教素质教育咨询有限公司,四川,成都市崇州市,"易军,王亚东",存续,研教素质 ,
四川成都市温江区研行易知教育科技有限公司,四川,成都市温江区,周小琳(法定代表人),存续,研教关联 ,
四川省成都双流区众诚优创教育咨询有限公司,四川,成都市双流区,"易军,黄谦,龙家富,徐长志,阮宏丝",存续,研教关联 ,
四川乐山峨眉山市至德青少年素质教育,四川,乐山市峨眉山市,"沈军树(法定代表人),辜文俊(总教官)",存续,至德教育 ,
四川乐山励志青少年特训学校,四川,乐山市,未明确,存续,乐山励志 ,
四川南充雷鹰突击拓展训练有限公司,四川,南充市,"彭国轩,王洁,赵岩安",存续,雷鹰突击 ,
四川宜宾德善美青少年素质教育学校,四川,宜宾市,未明确,存续,德善美教育 ,
四川泸州市江阳区智趣园户外拓展有限公司,四川,泸州市江阳区,"牟程,欧川渝",存续,智趣园 ,
四川泸州市江阳区瓦窑坝国防拓展基地,四川,泸州市江阳区,牟程,存续,智趣园 ,
四川成都锦江区戴诗教育咨询有限公司,四川,成都市锦江区,"方策(法定代表人),温怀港",存续,大连首席体系 ,
四川成都市简阳市成远拓展训练有限公司,四川,成都市简阳市,"张锋(法定代表人),吕亮,陈鹏宇",存续,成远教育 ,
四川成都市简阳市成远青少年素质教育,四川,成都市简阳市,张锋,存续,成远教育 ,
四川成都锦江区兴智科技有限公司,四川,成都市锦江区,"张然(法定代表人),汪志强",存续,兴智教育体系 ,
河南郑州市中牟县雅圣思青少年教育学校,河南,郑州市中牟县,"陈米民(陈泉衫-校长/法定代表人),李剑,陈海文,张友田,陈凤霞,张峥嵘",已关闭,雅圣思体系 ,
河南省雅圣思教育科技有限公司,河南,郑州市中牟县,"陈米民,陈海文",已关闭,雅圣思体系 ,
河南省雅圣思教育科技有限公司中牟分公司,河南,郑州市中牟县,陈米民(负责人),已注销,雅圣思体系 ,
河南郑州管城区创德青少年素质教育学校,河南,郑州市管城区,"纪红涛(法定代表人),赵来(赵西进),程慧,刘慧令",存续,创德体系 ,
河南郑州管城区创德教育信息咨询有限公司,河南,郑州市管城区,"纪红涛,赵来,程慧",存续,创德体系 ,
河南郑州管城区创德青少年智慧成长中心,河南,郑州市管城区,"纪红涛,赵来",存续,创德体系 ,
河南郑州管城区创德心理咨询部,河南,郑州市管城区,赵西进(赵来-负责人),存续,创德体系 ,
河南开封市龙亭区杏花营农场班村创德教育科技有限公司,河南,开封市龙亭区,"赵来,纪红涛,王连军,张君田,周杜瑞,王五峰,雷震,李凤普",存续,创德体系 ,
河南洛阳宜阳县创德教育科技有限公司,河南,洛阳市宜阳县,"王五峰(法定代表人),周杜瑞,赵西江",存续,创德体系 ,
河南洛阳市宜阳县创德心理咨询有限公司,河南,洛阳市宜阳县,"王五峰(法定代表人),李凤普,程慧",已关闭,创德体系 ,
河南商丘市永城市十八里镇街道创德心理咨询中心,河南,商丘市永城市,王五峰(法定代表人),存续,创德体系 ,
河南郑州中牟县德岑教育科技有限公司,河南,郑州市中牟县,"纪红涛(法定代表人),赵来,程慧,李凤普",存续,创德体系 ,
河南郑州高新技术产业开发区创德教育科技研究院有限公司,河南,郑州高新区,"纪红涛(法定代表人),程慧,陈曦",存续,创德体系 ,
河南郑州市中牟县柯贞拓展服务有限责任公司,河南,郑州市中牟县,"王东雷(法定代表人),张寒",存续,柯贞教育 ,
河南郑州中牟县柯贞教育素质拓展基地,河南,郑州市中牟县,王东雷,存续,柯贞教育 ,
河南郑州中原区柯贞教育科技有限公司,河南,郑州市中原区,"王肖鹏(法定代表人),刘建玲",存续,柯贞教育 ,
河南郑州金水区柯贞教育发展中心,河南,郑州市金水区,王肖鹏(负责人),存续,柯贞教育 ,
河南郑州金水区柯贞教育科技有限公司,河南,郑州市金水区,"王肖鹏(法定代表人),刘中南",已注销,柯贞教育 ,
河南郑州管城区佰事顺健康咨询有限公司,河南,郑州市管城区,"王肖鹏(法定代表人),刘中南,张龙龙",存续,柯贞关联 ,
河南郑州管城区栖宁教育咨询有限公司,河南,郑州市管城区,"刘中南(法定代表人),张龙龙,张园园",已注销,柯贞关联 ,
河南郑州金水区星恋心理咨询有限公司,河南,郑州市金水区,"刘中南(法定代表人),刘静,宋转",存续,柯贞关联 ,
河南郑州中原区李锋教育咨询有限公司,河南,郑州市中原区,"李锋(法定代表人),顾焕新(执行校长),高小霞",存续,李锋教育 ,
河南郑州高新技术开发区一李一锋教育信息咨询有限公司,河南,郑州高新区,"李锋(法定代表人),李增梅",存续,李锋教育 ,
河南郑州市荥阳市宇新心理素质培训学校,河南,荥阳市,"李锋,王曼",存续,李锋教育 ,
郑州李锋教育咨询有限公司新密分公司,河南,新密市,李锋(负责人),存续,李锋教育 ,
河南郑州金水区子翔励志教育学校,河南,郑州市金水区,"禹素萍(法定代表人),张旭,张梦佳",存续,子翔/思图体系 ,
河南郑州金水区子翔励志教育有限公司,河南,郑州市金水区,"禹素萍,张旭",存续,子翔/思图体系 ,
河南郑州金水区思图华章教育咨询有限公司,河南,郑州市金水区,"吴东(法定代表人),曹纪勇,郭思雅",存续,思图体系 ,
河南郑州金水区思图嘉瑞教育咨询有限公司,河南,郑州市金水区,"郭思雅(法定代表人),曹纪勇,李亚楠,马淑真",存续,思图体系 ,
河南郑州金水区思图家泰信息咨询有限公司,河南,郑州市金水区,"张焕宇(法定代表人),曹纪勇,李亚楠,周晓艳",存续,思图体系 ,
河南郑州金水区思图盛世教育咨询有限公司,河南,郑州市金水区,"马淑真(法定代表人),曹纪勇,郭思雅,周晓艳",存续,思图体系 ,
河南郑州金水区青图信息咨询有限公司,河南,郑州市金水区,"王世杰(法定代表人),曹纪勇,范林辉",存续,思图体系 ,
河南郑州金水区易图信息咨询有限公司,河南,郑州市金水区,"王世杰,曹纪勇,范林辉",存续,思图体系 ,
河南商丘市示范区图思教育咨询有限公司,河南,商丘市示范区,"范林辉(法定代表人),梁龙成,曹纪勇",存续,思图体系 ,
河南驻马店泌阳县思图教育咨询中心,河南,泌阳县,范林彦(负责人),存续,思图体系 ,
河南濮阳华龙区图思信息咨询有限公司,河南,濮阳市华龙区,"王世杰(法定代表人),曹纪勇,范林辉",存续,思图体系 ,
河南鹤壁市经济技术开发区图思教育咨询有限公司,河南,鹤壁市,"范林辉(法定代表人),曹纪勇,李荣建",存续,思图体系 ,
河南郑州惠济区隆起教育咨询中心,河南,郑州市惠济区,"李二娜(法定代表人),曹纪勇",存续,思图体系 ,
河南郑州惠济区隆起网络科技有限公司,河南,郑州市惠济区,"李二娜,曹纪勇",存续,思图体系 ,
河南郑州金水区思图教育科技有限公司,河南,郑州市金水区,梁龙成(法定代表人),已注销,思图体系 ,
河南郑州中原区思图教育咨询有限公司,河南,郑州市中原区,李荣建(法定代表人),已注销,思图体系 ,
河南郑州中原区朗思教育咨询有限公司,河南,郑州市中原区,李荣建(法定代表人),存续,思图关联 ,
河南郑州市新密市思图励志教育咨询中心,河南,新密市,陈春飞(法定代表人),存续,思图关联 ,
河南郑州新郑市护航青少年综合素质教育基地,河南,新郑市,展成(校长),存续,护航教育 ,
河南郑州新密市护航素质教育研究院,河南,新密市,"展成(校长),田言昭(副校长),展国华(负责人)",存续,护航教育 ,
河南新乡原阳县护航教育咨询有限公司,河南,原阳县,"李建涛(法定代表人),展成,李歆,展国华",存续,护航教育 ,
河南郑州郑东新区护航心理咨询有限公司,河南,郑州市郑东新区,"李歆(法定代表人),李建涛,李渊涵",存续,护航教育 ,
河南郑州郑东新区点启英才教育信息咨询有限公司,河南,郑州市郑东新区,"李歆(法定代表人),展国华,王华伟,闫冰蕾,王霞",存续,护航教育 ,
河南郑州二七区大展教育咨询有限公司,河南,郑州市二七区,"展国华(法定代表人),李歆,司金者",存续,护航教育 ,
河南郑州新郑市护英教育咨询有限公司,河南,新郑市,"展国华(法定代表人),李建涛,展艺桐",存续,护航教育 ,
河南郑州新密市役前体育培训有限公司,河南,新密市,"李建涛(法定代表人),李渊涵,展艺桐",存续,护航教育 ,
河南郑州市管城回族区碧海教育咨询有限公司,河南,郑州市管城回族区,"魏坤朋(法定代表人),卢浩中,覃迪,尹老师",存续,碧海教育 [cite: 5, 10]
河南郑州市新密市苟堂镇申门村碧海心理疏导营地,河南,新密市,魏坤朋,存续,碧海教育 ,
河南郑州市登封市嵩山少林传统文武学校,河南,登封市,袁真理(校长/董事长),存续,少林武校关联 ,
河南郑州市登封市城西嵩山少林塔沟武术学校,河南,登封市,刘海科(法定代表人),存续,少林武校关联 ,
河南郑州市登封市龙耀培训学校有限公司,河南,登封市,"陈同川(法定代表人),陈同山,张海斌,毕铁怀,袁相云",存续,少林小龙关联 ,
河南郑州市登封市少林小龙武术学校,河南,登封市,陈同山(法定代表人),存续,少林小龙关联 ,
河南郑州市登封市小龙武术培训学校有限公司,河南,登封市,"陈同川(法定代表人),陈同山,张海斌,毕铁怀,袁相云",存续,少林小龙关联 ,
河南郑州市登封少林小龙武术文化传播有限公司,河南,登封市,"陈同山,毕铁怀,王贵银",存续,少林小龙关联 ,
河南郑州市登封市龙曜奇点体育文化传播有限责任公司,河南,登封市,"张海斌(法定代表人),毕铁怀,陈清华",存续,少林小龙关联 ,
河南郑州市登封市小龙企业管理服务有限公司,河南,登封市,"陈同川(法定代表人),陈同山,毕铁怀,张海斌",存续,少林小龙关联 ,
河南郑州市登封市宏扬武术培训学校有限公司,河南,登封市,"雷书昌(法定代表人),李跃飞,耿银雷,孙洪光,李钢杰",存续,少林宏扬关联 ,
河南郑州市登封嵩山少林武术学院,河南,登封市,雷书昌(法定代表人),已关闭,少林宏扬关联 ,
河南郑州市登封北李家沟嵩山少林武术中等专业学校,河南,登封市,雷书昌(法定代表人),存续,少林宏扬关联 ,
河南郑州市登封中岳街道嵩山少林南北武术学校,河南,登封市,潘李益(法定代表人),存续,少林南北关联 ,
河南郑州市登封市嵩山少林精武学校,河南,登封市,王占洋(法定代表人),存续,少林精武关联 ,
河南郑州市登封少林武术研究学校,河南,登封市,"郑兆淇(法定代表人),郑忠孝(创办人)",存续,少林研究学校 ,
河南郑州市登封少林永智传统文武学校,河南,登封市,刁山多(法定代表人),存续,少林永智关联 ,
河南郑州新郑市爱德思睿教育信息咨询有限公司,河南,新郑市,"王明锋(法定代表人),王五峰,李俊,沙连昆",存续,创德/爱德关联 ,
河南郑州金水区爱德思睿教育信息咨询有限公司,河南,郑州市金水区,王明锋,存续,创德/爱德关联 ,
河南郑州市荥阳市爱德心理咨询服务有限公司,河南,荥阳市,"李俊(法定代表人),王明锋,芦东莉",已注销,创德/爱德关联 ,
郑州爱德思睿教育信息咨询有限公司新郑分公司,河南,新郑市,李俊(负责人),存续,创德/爱德关联 ,
郑州爱德思睿教育信息咨询有限公司荥阳分公司,河南,荥阳市,王明锋(负责人),存续,创德/爱德关联 ,
郑州爱德思睿教育信息咨询有限公司新乡分公司,河南,新乡市,王明锋(负责人),存续,创德/爱德关联 ,
河南郑州中原区德尚教育信息咨询有限公司,河南,郑州市中原区,"李庆莲(法定代表人),丁小建,席晓兵",已注销,德尚教育 ,
河南郑州金水区德尚教育科技有限公司,河南,郑州市金水区,"付铭(法定代表人),黄勇,刘明慧",存续,德尚/楷森关联 ,
河南郑州德尚文化旅游发展有限公司,河南,郑州市金水区,"付铭(法定代表人),姜楠楠,黄勇",存续,德尚/楷森关联 ,
河南郑州市金水区起巨量文化传媒有限公司,河南,郑州市金水区,"付铭(法定代表人),朱荣鑫,康锐",存续,德尚/楷森关联 ,
河南省郑州航空港综合实验区心理健康研究院,河南,郑州航空港区,"张焕宇,禹素萍",存续,思图/子翔关联 ,
河南郑州金水区思图嘉瑞教育咨询有限公司,河南,郑州市金水区,"郭思雅(法定代表人),马淑真",存续,思图体系 ,
河南郑州金水区思图家泰信息咨询有限公司,河南,郑州市金水区,"张焕宇(法定代表人),周晓艳",存续,思图体系 ,
河南郑州金水区思图盛世教育咨询有限公司,河南,郑州市金水区,"马淑真(法定代表人),周晓艳",存续,思图体系 ,
河南郑州市郑东新区思佳信息咨询中心,河南,郑州市郑东新区,周晓艳(负责人),存续,思图关联 ,
河南郑州市登封市嵩山少林南北武术学校,河南,登封市,潘李益(法定代表人),存续,少林关联 ,
河南郑州搏强新观念生活培训学校,河南,郑州市,"孙国安(法定代表人),钟颂平",已关闭,搏强教育 ,
河南三门峡陕州区博思特教育基地,河南,三门峡市陕州区,"孟素德(法定代表人),李孟春(校长),蒋荩,丁晨芳",已注销,博思特/励萱体系 ,
河南三门峡陕州区博思特教育信息咨询有限公司,河南,三门峡市陕州区,"孟素德,李孟春",已注销,博思特/励萱体系 ,
河南三门峡野战营拓展训练有限公司,河南,三门峡市,"孟素德(法定代表人),魏海网",存续,博思特/励萱关联 ,
河南三门峡陕州区树德文化传播有限公司,河南,三门峡市陕州区,"孟素德(法定代表人),蒋荩",已注销,博思特/励萱关联 ,
河南三门峡励萱教育信息咨询有限公司,河南,三门峡市,"张鑫(法定代表人),孟素德(董事长/监事)",存续,博思特/励萱体系 ,
河南三门峡青少年心理教育学校,河南,三门峡市,孟素德(校长),存续,博思特/励萱体系 ,
河南孟州市春蕾艺术培训有限公司,河南,孟州市,"李孟春(法定代表人),马朋飞",存续,博思特/励萱关联 ,
河南孟州市孟春文化传播有限公司,河南,孟州市,"李孟春(法定代表人),马朋飞",已注销,博思特/励萱关联 ,
河南三门峡励萱教育信息咨询有限公司阳店镇分公司,河南,三门峡市,张鑫(负责人),存续,博思特/励萱体系 ,
河南三门峡励萱教育信息咨询有限公司示范区分公司,河南,三门峡市,张鑫(负责人),存续,博思特/励萱体系 ,
河南孟州市春蕾艺术培训会昌培训分公司,河南,孟州市,李孟春(负责人),存续,博思特/励萱关联 ,
河南省周口市郸城县根儿文化传媒有限公司,河南,郸城县,"姚四根(法定代表人),赵怀义,王多利",存续,根儿文化 ,
河南郑州市新郑市根儿德婵武术文化有限公司,河南,新郑市,"姚建根(法定代表人),姚四根,赵怀义",已注销,根儿文化 ,
河南郑州市新郑音希跆拳道培训中心有限公司,河南,新郑市,"朱小丽(法定代表人),姚四根,姚建根",已注销,根儿文化 ,
河南郑州市新郑市寇寇文化传媒有限公司,河南,新郑市,"陈聪(法定代表人),赵怀义",已注销,根儿文化 ,
河南郑州市新密市新沟通心理咨询有限公司,河南,新密市,"马立科(法定代表人),尚二涛",存续,新沟通心理 ,
河南郑州慧诺特教育信息咨询有限公司,河南,郑州市,"尚二涛(法定代表人),李邦春,栾凯龙",已注销,新沟通关联 ,
河南郑州思米普教育信息咨询有限公司,河南,郑州市,"尚二涛(法定代表人),李邦春,邓开超",已注销,新沟通关联 ,
河南平顶山市莱瑞教育信息咨询服务有限公司,河南,平顶山市,"尚涛(法定代表人),尚二涛",已注销,新沟通关联 ,
河南郑州市新密市超化镇聚贤青少年教育基地,河南,新密市,朱振华(校长),存续,聚贤/若水体系 ,
河南郑州金水区聚贤崇本教育咨询有限公司,河南,郑州市金水区,"郭瑞(法定代表人),王文婷,朱振华",存续,聚贤/若水体系 ,
河南郑州市新密市仁爱若水心理咨询有限公司,河南,新密市,"何明灯(法定代表人),张戈,张莹辉,刘晓萍",存续,聚贤/若水体系 ,
河南郑州金水区若水青少年教育基地,河南,郑州市金水区,徐丽娜(负责人),存续,聚贤/若水体系 ,
河南郑州金水区若水教育咨询中心,河南,郑州市金水区,徐丽娜,存续,聚贤/若水体系 ,
河南郑州市新密市铿锵教育信息咨询有限公司,河南,新密市,"徐丽娜(法定代表人),朱振华,何攀登,张莹辉",已注销,聚贤/若水体系 ,
河南郑州忠信好学青少年素质教育基地,河南,郑州市,朱振华(校长),已注销,聚贤/若水体系 ,
河南新乡忠信好学国学文化传播有限公司,河南,新乡市,"朱振华(法定代表人),李晓阳,李兴磊",已注销,聚贤/若水体系 ,
河南平顶山市汝州市若水心理咨询有限公司,河南,汝州市,"何明灯(法定代表人),张戈,张莹辉",存续,聚贤/若水体系 ,
河南平顶山市汝州市若水课外教育学校有限公司,河南,汝州市,"何明灯(法定代表人),徐丽娜,张戈,张莹辉,郭金鹏,张彦敏,甄欣然",存续,聚贤/若水体系 ,
河南郑州金水区若水厚泽教育信息咨询有限公司,河南,郑州市金水区,"徐丽娜(法定代表人),张培,张莹辉",已注销,聚贤/若水体系 ,
河南郑州郑东新区站在未来看现在教育科技有限公司,河南,郑州市郑东新区,"刘佳(法定代表人),何攀登,马林杉",存续,聚贤/若水关联 ,
河南郑州市新密市赋德能教育咨询有限公司,河南,新密市,"朱振华(法定代表人),李坡,谢娇",存续,聚贤/若水体系 ,
河南忠信好学国学文化传播有限公司郑州分公司,河南,郑州市,朱振华(负责人),已注销,聚贤/若水体系 ,
河南聚贤崇本教育咨询有限公司新乡分公司,河南,新乡市,赵冲冲(负责人),存续,聚贤/若水体系 ,
河南聚贤崇本教育咨询有限公司郑州分公司,河南,郑州市,谢娇(负责人),存续,聚贤/若水体系 ,
河南平顶山市卫东区嘉育教育咨询有限公司,河南,平顶山市卫东区,"杨旭东(法定代表人),范文龙",存续,嘉育教育 ,
河南郑州荥阳市长思教育科技有限公司,河南,荥阳市,"宋文明(法定代表人),马赛",存续,长思教育 ,
河南郑州市管城回族区一盏灯心理咨询有限公司,河南,郑州市管城回族区,"魏红燕(法定代表人),史红曾,何宁宁,李秀花",存续,一盏灯心理 ,
河南郑州市金水区范学教育信息咨询有限公司,河南,郑州市金水区,"刘宝祥(法定代表人),石玉杰",存续,范师教育体系 ,
河南郑州市金水区范师教育信息咨询有限公司,河南,郑州市金水区,"刘宝祥(法定代表人),石玉杰",存续,范师教育体系 ,
河南郑州郑东新区恬梦教育信息咨询有限公司,河南,郑州市郑东新区,"刘宝祥(法定代表人),鲜仲明,石玉杰",存续,范师教育体系 ,
河南新乡市原阳县港峰教育信息咨询有限公司,河南,原阳县,"刘宝祥(法定代表人),石玉杰,王晓宇",已注销,范师教育体系 ,
河南郑州郑东新区森淼教育信息咨询有限公司,河南,郑州市郑东新区,"陈莹(法定代表人),刘宝祥,王晓宇",存续,范师教育体系 ,
河南郑州金水区乐卓教育信息咨询有限公司,河南,郑州市金水区,"李素云(法定代表人),刘宝祥,王晓宇",存续,范师教育体系 ,
河南郑州郑东新区儒雅教育信息咨询有限公司,河南,郑州市郑东新区,"陈莹(法定代表人),刘宝祥,沈彬彬",存续,范师教育体系 ,
河南郑州金水区东仁教育信息咨询有限公司,河南,郑州市金水区,"陈莹(法定代表人),于景荣,张磊",存续,范师教育体系 ,
河南郑州市郑东新区仓灿教育信息咨询有限公司,河南,郑州市郑东新区,"陈莹(法定代表人),刘颖",存续,范师教育体系 ,
河南郑州金水区驰锐教育咨询有限公司,河南,郑州市金水区,"刘宝祥(法定代表人),杜静婉",存续,范师教育体系 ,
河南许昌市魏都区欧讯教育信息咨询有限公司,河南,许昌市魏都区,"刘宝祥(法定代表人),卢文肖,沈彬彬",存续,范师教育体系 ,
河南郑州市金水区洛森教育信息咨询有限公司,河南,郑州市金水区,"陈莹(法定代表人),于景荣,沈彬彬",已注销,范师教育体系 ,
河南郑州金水区路索教育信息咨询有限公司,河南,郑州市金水区,"于景荣(法定代表人),陈莹,沈彬彬",已注销,范师教育体系 ,
河南郑州高新技术产业开发区途森教育咨询有限公司,河南,郑州高新区,"陈莹(法定代表人),杜静婉",存续,范师教育体系 ,
河南郑州新密市泰硕教育咨询有限公司,河南,新密市,"陈莹(法定代表人),杜静婉,王美玲",存续,范师教育体系 ,
河南郑州市郑东新区本师教育信息咨询有限公司,河南,郑州市郑东新区,"于景荣(法定代表人),陈莹",存续,范师教育体系 ,
河南郑州市金水区学绣教育信息咨询有限公司,河南,郑州市金水区,"于景荣(法定代表人),陈莹,沈彬彬",存续,范师教育体系 ,
河南郑州中原区卡途教育信息咨询有限公司,河南,郑州市中原区,"刘宝祥(法定代表人),沈彬彬,卢文肖",已注销,范师教育体系 ,
河南郑州金水区乐佐教育信息咨询有限公司,河南,郑州市金水区,"于景荣(法定代表人),卢文肖,王晓宇",存续,范师教育体系 ,
河南郑州管城区康尼教育信息咨询有限公司,河南,郑州市管城区,"李素云(法定代表人),沈彬彬,张磊",存续,范师教育体系 ,
河南郑州郑东新区厚大教育信息咨询有限公司,河南,郑州市郑东新区,"李素云(法定代表人),沈彬彬,王晓宇",存续,范师教育体系 ,
河南郑州金水区五零点教育信息咨询有限公司,河南,郑州市金水区,"刘宝祥(法定代表人),卢文肖,沈彬彬",存续,范师教育体系 ,
河南郑州金水区卡藏教育信息咨询有限公司,河南,郑州市金水区,"刘宝祥(法定代表人),卢文肖,沈彬彬",存续,范师教育体系 ,
河南郑州市郑东新区东洛教育信息咨询有限公司,河南,郑州市郑东新区,"陈莹(法定代表人),于景荣,沈彬彬",存续,范师教育体系 ,
河南郑州市郑东新区优洛教育信息咨询有限公司,河南,郑州市郑东新区,"陈莹(法定代表人),于景荣,沈彬彬",存续,范师教育体系 ,
河南郑州新密市尊学教育咨询有限公司,河南,新密市,"钟城(法定代表人),陈莹,王美玲",存续,范师教育体系 ,
河南郑州市金水区昭学教育信息咨询有限公司,河南,郑州市金水区,"陈莹(法定代表人),刘宝祥,王晓宇",已注销,范师教育体系 ,
河南郑州孔德青少年教育,河南,郑州市,郭先峰(法定代表人),存续,孔德教育 ,
河南郑州长思青少年特训,河南,郑州市,未明确,存续,长思教育 ,
河南郑州长思国防教育学校,河南,郑州市,未明确,存续,长思教育 ,
河南郑州华心少年军校,河南,郑州市,安东(校长),存续,华心军校 ,
河南洛阳市新安县启腾素质教育基地,河南,洛阳市新安县,未明确,存续,启腾教育 ,
河南南阳指南针心理智业集团,河南,南阳市,景海永(创始人),存续,指南针教育 ,
河南南阳市宛城区指南针教育咨询有限公司,河南,南阳市宛城区,"景海永(法定代表人),刘聪",已注销,指南针教育 ,
河南南阳市宛城区八鸣心理咨询开发有限责任公司,河南,南阳市宛城区,"张谦(法定代表人),黄芳,孙海梅,景海永,张丽娟,郭惠,朱彦军,邹永,孙海菊",已关闭,指南针关联 ,
河南南阳市市辖区三疑三探研学服务有限公司,河南,南阳市,"景海永(法定代表人),刘聪",存续,指南针教育 ,
河南漯河市召陵区锦辰教育咨询有限公司,河南,漯河市召陵区,"刘拴锦(法定代表人),刘拴成,赵丽霞",存续,锦辰教育 ,
河南漯河市郾城区引导拓展训练基地有限公司,河南,漯河市郾城区,"翟利伟(法定代表人),刘拴成,刘拴锦",存续,锦辰关联 ,
河南漯河市召陵区明志健康管理咨询有限公司,河南,漯河市召陵区,"刘栓锦(法定代表人),孙玉枝,刘文龙",存续,锦辰关联 ,
河南漯河市城乡一体化示范区集结号拓展训练有限公司,河南,漯河市,"曹帅兵(法定代表人),陈国亮,李帅锋,李蕾",已注销,集结号教育 ,
河南漯河市青少年心理教育基地,河南,漯河市,曹帅兵,已注销,集结号教育 ,
河南商丘市睢县墨鸿体育发展有限公司,河南,商丘市睢县,"张奥迪(法定代表人),宋于晨,邵伟励",存续,鸿志/墨鸿 ,
河南商丘市睢县鸿志体育有限公司,河南,商丘市睢县,"宋于晨(法定代表人),王晨阳,王缘双",存续,鸿志/墨鸿 ,
河南商丘市梁园区李庄乡初心研学教育训练基地,河南,商丘市梁园区,未明确,存续,初心研学 ,
河南商丘市睢阳区军刺教育咨询服务有限公司,河南,商丘市睢阳区,"侯明杰(法定代表人),宋战伟,韩小玉",存续,军刺教育 ,
河南省郑州市中牟县青少年心理健康研究院,河南,郑州市中牟县,陈恒(高层),存续,雅圣思关联 ,
河南省郑州市新密市青少年心理健康研究中心,河南,郑州市新密市,陈修仓(法定代表人),存续,雅圣思关联 ,
河南郑州郑东新区寻找吧文化传媒有限公司,河南,郑州市郑东新区,"张君田(法定代表人),王连军,李凤普",存续,创德关联 ,
河南郑州郑东新区第三视角文化传媒有限公司,河南,郑州市郑东新区,"张君田(法定代表人),李凤普,纪竣铄",存续,创德关联 ,
河南郑州郑东新区起初教育信息咨询有限公司,河南,郑州市郑东新区,"王振飞(法定代表人),李逸菲,纪竣铄",存续,创德关联 ,
河南郑州市金水区汉飞教育信息咨询有限公司,河南,郑州市金水区,"张俊(法定代表人),王五峰",存续,创德/爱德关联 ,
河南郑州市金水区中豪教育咨询有限公司,河南,郑州市金水区,"张俊,王五峰",存续,创德/爱德关联 ,
河南郑州市金水区汉雄心理咨询有限公司,河南,郑州市金水区,"张俊(法定代表人),王五峰,张慧娟",存续,创德/爱德关联 ,
河南商丘市永城市十八里镇街道唤醒教育咨询有限公司,河南,商丘市永城市,"李勇(法定代表人),王永亮,施美华",存续,唤醒教育 ,
河南唤醒教育咨询有限公司商丘分公司,河南,商丘市,王永亮(负责人),存续,唤醒教育 ,
河南郑州新密市冠昊教育咨询有限公司,河南,新密市,"张见州(法定代表人),郑雪莉,侯冠军",存续,创德/雅圣思关联 ,
河南郑州新密市强学教育咨询有限公司,河南,新密市,"张见州(法定代表人),郑雪莉",存续,创德/雅圣思关联 ,
重庆市沙坪坝区中梁镇新启点青少年素质特训学校,重庆,沙坪坝区,"张新宏,赵清斯,李教官,蒋教官",存续,新启点体系 ,
重庆市沙坪坝区新启点艺术培训有限公司,重庆,沙坪坝区,"张新宏(法定代表人),赵清斯(监事)",存续,新启点体系 ,
重庆沙坪坝区立事信息工程学校,重庆,沙坪坝区,"李琪(负责人),卢鹏,张新宏,李培栋,赵清斯,王君,刘长城(校长)",存续,立事教育 ,
重庆沙坪坝区立事青少年国学素质教育,重庆,沙坪坝区,未明确,存续,立事教育 ,
重庆沙坪坝区立事行为素质心理咨询中心,重庆,沙坪坝区,张新宏(法定代表人),存续,立事教育 ,
重庆沙坪坝区立事育德学校,重庆,沙坪坝区,周总教官,已改名,立事教育 ,
重庆市沙坪坝区兵仪素质教育,重庆,沙坪坝区,周家良(法定代表人),存续,兵仪素质 ,
重庆市沙坪坝区兵仪素质心理咨询中心,重庆,沙坪坝区,周家良,存续,兵仪素质 ,
重庆渝北区志强拓展训练有限公司,重庆,渝北区,"宋礼(法定代表人),周小燕(监事),刘学庆,梁亚军",存续,志强素质/瑞洲关联 ,
重庆渝北区志强素质教育,重庆,渝北区,宋礼,存续,志强素质/瑞洲关联 ,
重庆渝北区玉峰山镇城市英雄训练基地,重庆,渝北区,未明确,存续,志强素质关联 ,
重庆市巴南区白领尔拓展训练有限公司,重庆,巴南区,"周跃军(法定代表人),苏建华,徐术铭,周玲,唐元荣,张婷,叶良前,李婷,王洪春,陈红丽,甘世年",存续,白领尔体系 ,
重庆市铜梁区白领尔拓展训练有限公司,重庆,铜梁区,周跃军,存续,白领尔体系 ,
重庆市铜梁区旭阳教育信息咨询有限公司,重庆,铜梁区,"徐术铭(法定代表人),周玲,王操(经理)",存续,白领尔/旭阳 ,
重庆市铜梁区旭阳青少年封闭式教育学校,重庆,铜梁区,徐术铭,存续,白领尔/旭阳 ,
重庆合川区华中学校后勤服务有限公司,重庆,合川区,"徐术铭(法定代表人),周玲,周志宇,雷琳,张栩维",存续,白领尔关联 ,
重庆市铜梁区少云学校后勤服务有限公司,重庆,铜梁区,"张栩维(法定代表人),刘昌谋",已注销,白领尔关联 ,
重庆市永川区馨语青少年心理咨询有限公司,重庆,永川区,"张德清(法定代表人),张东明,周子锐,宋道群",存续,馨语/思德 ,
重庆市永川区思德拓展训练有限公司,重庆,永川区,"张德清(法定代表人),周子锐,张东明,梁承会,宋道群",存续,馨语/思德 ,
重庆市铜梁区龙乡拓展训练有限公司,重庆,铜梁区,"张德清(法定代表人),张东明,苏建华,梁承会,宋道群",存续,馨语/思德 ,
重庆九龙坡区骏鹰心理咨询有限公司,重庆,九龙坡区,"刘文保(法定代表人),王丽娜,王守华,张露",已注销,中素关联 ,
重庆北碚区津诚心理咨询有限公司,重庆,北碚区,"廖庆明(法定代表人),刘燕",存续,中素关联 ,
重庆南川区心之初文化传媒有限公司,重庆,南川区,"欧阳曦烨(法定代表人),周利岑",存续,心之初 ,
重庆沙坪坝区锦辉拓展训练有限公司,重庆,沙坪坝区,"程鑫(法定代表人),胡波,毕成龙,刘阳(校长),王林(常务副校长)",存续,锦辉/环帝体系 ,
重庆沙坪坝区锦辉青少年素质教育基地,重庆,沙坪坝区,程鑫,存续,锦辉/环帝体系 ,
重庆沙坪坝区环帝教育咨询有限公司,重庆,沙坪坝区,"胡波(法定代表人),王怀斌,张勤",存续,锦辉/环帝体系 ,
重庆沙坪坝区环帝青少年生命教育实践基地,重庆,沙坪坝区,胡波,存续,锦辉/环帝体系 ,
重庆沙坪坝区环帝锦辉拓展训练有限公司,重庆,沙坪坝区,"毕成龙(法定代表人),程鑫,胡波",存续,锦辉/环帝体系 ,
重庆铜梁区黑森林教育发展有限公司,重庆,铜梁区,"毕成龙(法定代表人),程秋杰,顾建民",已注销,锦辉/黑森林 ,
重庆九龙坡区哈瑞波特拓展训练有限公司,重庆,九龙坡区,"雷琳(法定代表人),吴波(监事)",存续,哈瑞波特 ,
重庆江津区中芸子拓展训练有限公司,重庆,江津区,"廖庆明(法定代表人),刘楷",存续,芸子教育 ,
重庆巴南区宏鹰艺术培训有限公司,重庆,巴南区,"王守华(法定代表人),刘文保,张露,王丽娜",存续,中素关联 ,
重庆巴南区渝洲自强行为素质心理咨询中心,重庆,巴南区,刘学庆(负责人),存续,自强/瑞洲关联 ,
重庆市渝北区宏道心理咨询服务部,重庆,渝北区,刘迪炜(负责人),已注销,宏恩关联 ,
重庆巴南区励文拓展户外运动有限公司,重庆,巴南区,"刘文保(法定代表人),王丽娜",已注销,中素关联 ,
重庆铜梁区华培教育咨询有限公司,重庆,铜梁区,"周家良(法定代表人),程秋杰",已注销,华培/直利 ,
重庆江北区鑫秀教育咨询有限公司,重庆,江北区,"程碧玉(法定代表人),程秋杰,江荣华",已关闭,鑫秀教育 ,
重庆市沙坪坝区新起点职业培训学校,重庆,沙坪坝区,龚小琴(法定代表人),存续,新起点职业 ,
重庆正能量青少年拓展训练基地,重庆,未明确,未明确,存续,正能量 ,
重庆九龙坡区华育拓展训练中心,重庆,九龙坡区,范渝(负责人),已注销,华育/新渝君尚 ,
重庆九龙坡区新渝君尚拓展训练有限公司,重庆,九龙坡区,"刘盼明(法定代表人),单永春,钱霜霜",存续,华育/新渝君尚 ,
重庆九龙坡区华励拓展训练有限公司,重庆,九龙坡区,陈林(法定代表人),存续,华励/华育 ,
重庆渝北区红色迷彩文化交流有限公司,重庆,渝北区,"范渝(法定代表人),单永春",已注销,华育关联 ,
重庆江北区华育文化传播有限公司,重庆,江北区,"陈林(法定代表人),单永春",已注销,华育关联 ,
重庆渝中区心语飘香心理咨询中心,重庆,渝中区,姜开成(负责人),存续,心语飘香 ,
重庆渝中区合创培训学校,重庆,渝中区,"黄顺利(法定代表人),刘振涛",已关闭,欧瑞特训 ,
重庆九龙坡区欧瑞特训机构,重庆,九龙坡区,刘振涛(负责人),已关闭,欧瑞特训 ,
重庆渝中区尚爱特殊儿童援助中心,重庆,渝中区,"赵海(法定代表人),姜开成",存续,尚爱 ,
重庆渝中区扶摇赟文化科技有限公司,重庆,渝中区,"姜帆(法定代表人),张燕林",存续,扶摇赟 ,
重庆渝北区华航体育信息咨询服务部,重庆,渝北区,倪星星(负责人),存续,华航体育 ,
重庆渝北区护苗体育发展有限公司,重庆,渝北区,谢林玲(法定代表人),存续,护苗体育 ,
重庆渝北区大东方行走学校,重庆,渝北区,陈华(校长),已关闭,大东方 ,
重庆小星兵拓展训练有限公司,重庆,未明确,"罗明星(法定代表人),李采强",存续,小星兵 ,
重庆永川区尚学志拓展训练有限公司,重庆,永川区,"李军林(法定代表人),罗玉兰,程鑫,唐志良,张红",存续,尚学志 ,
重庆永川区桂西立仁拓展训练有限公司,重庆,永川区,"王华丽(法定代表人),柏世林,杨艺汇",存续,立仁拓展 ,
重庆长寿区心之初心理咨询有限公司,重庆,长寿区,"文道科(法定代表人),谢国庆",存续,心之初 ,
重庆铜梁区耀昂青少年素质教育学校,重庆,铜梁区,张江(法定代表人),存续,耀昂教育 ,
重庆铜梁区塑新家庭教育服务有限公司,重庆,铜梁区,"苏洪(法定代表人),任军",存续,塑新/点对点 ,
重庆北碚区点对点拓展训练有限公司,重庆,北碚区,"童福帮(法定代表人),苏洪",已注销,塑新/点对点 ,
重庆北碚区巴山拓展训练有限公司,重庆,北碚区,"李建昕(法定代表人),廖庆明,唐朝彬",存续,巴山拓展 ,
重庆北碚区赏识赢教育基地,重庆,北碚区,郑拉伍(法定代表人),存续,赏识赢 ,
重庆市大足育新学校,重庆,大足区,"周千余(校长/董事长),蔡春兰(副校长)",存续,大足育新 ,
重庆市大足区如仁教育,重庆,大足区,"苏天忠(法定代表人),游建群,黄年凤",存续,如仁教育 ,
重庆市大足区如仁青少年心理咨询有限公司,重庆,大足区,"苏天忠,游建群,黄年凤",存续,如仁教育 ,
重庆市大足区如仁研学旅行服务有限公司,重庆,大足区,"王新炼(法定代表人),游建群,黄年凤,苏天忠",存续,如仁教育 ,
重庆市大足区泰鸿素质拓展训练中心,重庆,大足区,王新炼(负责人),存续,如仁教育关联 ,
重庆市大足区珠溪镇利民学校,重庆,大足区,"何正明(法定代表人),肖教官",存续,利民学校 ,
重庆市合川区特殊教育学校,重庆,合川区,文晓利(法定代表人),存续,特殊教育 ,
重庆合川区铜溪镇耀昂青少年素质教育,重庆,合川区,未明确,存续,耀昂教育 ,
重庆市合川区铜溪镇华帝特殊教育学校,重庆,合川区,朱昌勇(法定代表人),存续,华帝教育 ,
重庆市江津区可山枳璞教育咨询有限公司,重庆,江津区,"廖莎莎(法定代表人),孟星",存续,可山枳璞 ,
重庆市长寿区行知中学校,重庆,长寿区,吴安鸣(法定代表人),存续,行知中学 ,
重庆市江津区李市镇永存学校,重庆,江津区,邱月(法定代表人),存续,永存教育 ,
重庆市江津区李市镇永存拓展训练有限公司,重庆,江津区,"周长江(法定代表人),周秋吉,杨若澜",存续,永存教育 ,
重庆市江津区永存艺术培训有限公司,重庆,江津区,"周秋吉(法定代表人),邱月,李秋池,杨若澜,周长江,杨柳",存续,永存教育 ,
重庆江津区哔咿咿教育信息咨询有限公司,重庆,江津区,"杨若澜(法定代表人),周秋吉,程杰",已注销,永存关联 ,
重庆江津区安特思库教育信息咨询有限公司,重庆,江津区,"周秋吉(法定代表人),邱月",已注销,永存关联 ,
重庆巴南区培正教育科技有限公司,重庆,巴南区,沈治冰(法定代表人),已注销,培正教育 ,
重庆市巴南区爱港湾心理咨询中心,重庆,巴南区,郗延萍(法定代表人),存续,爱港湾 ,
重庆巴南区金不换拓展训练有限公司,重庆,巴南区,"刘虹(法定代表人),钟强",存续,金不换 ,
重庆巴南区尚爱青少年素质拓展训练学校,重庆,巴南区,未明确,存续,尚爱拓展 ,
重庆巴南区尚爱拓展训练基地,重庆,巴南区,未明确,存续,尚爱拓展 ,
重庆江北区三学圆科技有限公司,重庆,江北区,"刘冬(法定代表人),王植栋",存续,三学圆 ,
重庆江北区渔集世家科技合伙企业,重庆,江北区,"刘蒙(法定代表人),胡鹏",存续,渔集世家 ,
重庆南岸区康易达心理咨询有限公司,重庆,南岸区,"康郁松(法定代表人),黄容容",存续,康易达 ,
重庆南岸区康易达素质特训营,重庆,南岸区,康郁松,存续,康易达 ,
重庆南岸区康易达心理教育学校,重庆,南岸区,康郁松,存续,康易达 ,
重庆市涪陵区途领跑拓展训练有限公司,重庆,涪陵区,"王颢澄(法定代表人),陈萱睿,杨柯,何蓉蓉,张荣生",存续,途领跑 ,
重庆南川区直利树桥心理咨询有限公司,重庆,南川区,"陶南羊(法定代表人),陈玲",已注销,树桥/直利 ,
重庆北碚区环帝树桥青少年心理咨询有限公司,重庆,北碚区,"候鹏(法定代表人),陶南羊",存续,树桥/环帝 ,
重庆树桥青少年素质教育,重庆,南川区/北碚区,陶南羊,存续,树桥/直利 ,
重庆南川区胤呈拓展训练有限公司,重庆,南川区,"刘茜(法定代表人),皮其垒,周强勇",存续,胤呈体系 ,
重庆南川区胤呈文化传媒(集团)有限公司,重庆,南川区,"刘茜(法定代表人),冯昌全",存续,胤呈体系 ,
重庆市石柱土家族自治县博才青少年关爱服务中心,重庆,石柱县,黎腾穗(法定代表人),存续,博才关爱 ,
重庆市沙坪坝区直利特教育信息咨询服务有限公司,重庆,沙坪坝区,"程秋杰(负责人),吴波",存续,直利特/环帝关联 ,
重庆铜梁区华绣中等专业学校,重庆,铜梁区,"刘保华(法定代表人),程秋杰,陈涛(校长)",存续,华绣/直利关联 ,
广东东莞市懿鸣教育科技有限公司,广东,东莞市,"李彪(法定代表人),陈峰(监事),李彪(校长)",存续,春晖/懿鸣体系 ,
广东东莞市世泽教育科技有限公司,广东,东莞市,"陈峰(法定代表人),裴硕(监事)",存续,春晖/懿鸣体系 ,
广东东莞莞城金步子培训中心有限公司,广东,东莞市,陈峰(法定代表人),已注销,春晖/懿鸣体系 ,
广东东莞新丰县练溪托养中心,广东,新丰县,"罗丽芳(法定代表人),李翠琼,潘忠蔼",已关闭,练溪托养 ,
广东东莞华力青少年素质教育基地,广东,东莞市,未明确,存续,华力教育 ,
广东清远市清新区麦田教育,广东,清远市清新区,谭俊豪(法定代表人),已注销,麦田教育 ,
广东肇庆市立德学校,广东,肇庆市,"潘煕健(法定代表人),李彦融(校长)",存续,立德教育 ,
广东肇庆市高要区正德青少年教育基地,广东,肇庆市高要区,"吴涛(法定代表人),李佳军(校长),陈小君",存续,正德教育 ,
广东江门台山市弘德学校,广东,台山市,罗慧玉(法定代表人),存续,弘德学校 ,
广东深圳宝安区睿德教育集团有限公司,广东,深圳市宝安区,"王一帆(法定代表人),韩大祥(总经理)",存续,睿德教育 ,
广东深圳南山区睿格体育发展有限公司,广东,深圳市南山区,"王一帆(法定代表人),韩大祥",存续,睿德教育 ,
广东深圳龙华区木易教育信息咨询有限公司,广东,深圳市龙华区,"许杨(法定代表人),李晶,凌正基,王一帆",存续,睿德关联 ,
广东深圳扶禾心理教育咨询顾问有限公司,广东,深圳市,何志诚(法定代表人),存续,扶禾心理 ,
广东深圳市龙岗区启成星教育咨询有限公司,广东,深圳市龙岗区,"郑浩晖(法定代表人),郑浩强",存续,启成星 ,
广东深圳市宝安区舒博士心理教育发展有限公司,广东,深圳市宝安区,"黄麒文(法定代表人),黄敬嘉,郭红建",存续,舒博士体系 ,
广东深圳南山区舒博士心理咨询顾问有限公司,广东,深圳市南山区,"黄麒文(法定代表人),李述一,徐荣,郭丽娜,于国军,彭文森",存续,舒博士体系 ,
广东深圳宝安区舒博心理咨询有限公司,广东,深圳市宝安区,"郭丽娜(法定代表人),黄麒文,李述一,徐荣",已注销,舒博士体系 ,
广东深圳宝安区舒博学苑教育投资发展有限公司,广东,深圳市宝安区,"郭红建(法定代表人),郭丽娜",存续,舒博士体系 ,
广东深圳市南山区红色教育管理有限公司,广东,深圳市南山区,"黄麒文(法定代表人),程万莉,黄敬嘉",存续,舒博士体系 ,
广东深圳市宝安区徐爸爸心理教育有限公司,广东,深圳市宝安区,"徐荣(法定代表人),黄俊城,郭燕儿",已关闭,舒博士/徐爸爸 ,
广东深圳市宝安区伟博心理教育有限公司,广东,深圳市宝安区,"徐荣,黄俊城",已关闭,舒博士/伟博 ,
广东广州荔湾区脑博仕医院,广东,广州市荔湾区,"刘浩(法定代表人),王学勤,肖攀攀,温冬梅",存续,脑博仕 ,
广东广州脑博仕互联网医院有限公司,广东,广州市,"刘浩(法定代表人),吴冰雪",存续,脑博仕 ,
广东广州荔湾区悦康心理咨询有限公司,广东,广州市荔湾区,"吴青(法定代表人),吴冰雪",存续,脑博仕关联 ,
广州悦康心理咨询有限公司海珠分公司,广东,广州市海珠区,吴青(法定代表人),存续,脑博仕关联 ,
广州悦康心理咨询有限公司天河分公司,广东,广州市天河区,吴青,存续,脑博仕关联 ,
广州悦康心理咨询有限公司白云分公司,广东,广州市白云区,吴青,存续,脑博仕关联 ,
广州悦康心理咨询有限公司越秀分公司,广东,广州市越秀区,吴青,存续,脑博仕关联 ,
广州悦康心理咨询有限公司黄埔分公司,广东,广州市黄埔区,吴青,存续,脑博仕关联 ,
广州悦康心理咨询有限公司番禹分公司,广东,广州市番禺区,吴青,存续,脑博仕关联 ,
广东广州花都区竞争力文化传播有限公司,广东,广州市花都区,"张秀玲(法定代表人),侯宇珺",存续,将校营地 ,
广东广州花都区聚才文化传播有限公司,广东,广州市花都区,"侯宇珺(法定代表人),刘阳阳",存续,将校营地 ,
广东广州花都区将校旅行社有限公司,广东,广州市花都区,"张秀玲(法定代表人),陶水萍",存续,将校营地 ,
广东广州花都区将校营地拓展训练有限公司,广东,广州市花都区,"陶水萍(法定代表人),刘阳阳",存续,将校营地 ,
广东广州黄埔区黄埔将校教育咨询有限公司,广东,广州市黄埔区,"张东明(法定代表人),刘阳阳",存续,将校营地 ,
广东广州黄埔区如川科技有限公司,广东,广州市黄埔区,"曹应军(法定代表人),彭海栗",存续,如川科技 ,
广东广州番禺区天道正气康复训练基地,广东,广州市番禺区,夏德均(负责人),已关闭,天道正气 ,
广东广州天乃道营养健康咨询有限公司,广东,广州市,"夏德均(法定代表人),曾红梅",存续,天道正气 ,
广东广州番禺区精鹰教育科技有限公司,广东,广州市番禺区,"黎满华(法定代表人),史伟杰,黄国书,明锡泉",存续,中素/精鹰 ,
广东广州白云区珠江中学,广东,广州市白云区,"杨小宁(法定代表人),凌兴喜(校长)",存续,珠江中学 ,
广东广州天河区熙和教育咨询有限公司,广东,广州市天河区,"李国铭(法定代表人),吴彩珍",存续,熙和教育 ,
广东广州白云区雷鹰突击拓展训练有限公司,广东,广州市白云区,张献杜(法定代表人),存续,雷鹰突击 ,
广东广州黄埔区励德文化发展有限公司,广东,广州市黄埔区,张献杜(法定代表人),存续,雷鹰突击 ,
广东广州黄埔军校青少年军事夏令营,广东,广州市黄埔区,未明确,存续,雷鹰突击 ,
广东佛山禅城区爱国爱军文化传播有限公司,广东,佛山市禅城区,"彭义欣(法定代表人),晏绪炎,熊珍珍,邹虹",存续,爱国爱军 ,
广东佛山禅城区又一城科技有限公司,广东,佛山市禅城区,杨锡海(法定代表人),存续,爱国爱军 ,
广东惠州市百智教育科技有限公司,广东,惠州市,"罗美连(法定代表人),许武杰",存续,百智教育 ,
广东韶关市浈江区明日之星青少年训练营,广东,韶关市浈江区,"邓芳(法定代表人),杨江城",已注销,战龙跃腾 ,
广东韶关武江区龙耀腾飞青少年素质拓展中心,广东,韶关市武江区,杨江城(负责人),已注销,战龙跃腾 ,
广东韶关市战龙跃腾教育咨询有限公司,广东,韶关市,"邓芳(法定代表人),邓良勤,杨江城,叶京凤",存续,战龙跃腾 ,
广东韶关市龙耀腾体育培训有限公司,广东,韶关市,"杨江城(法定代表人),邓芳,邓良勤",存续,战龙跃腾 ,
广东揭阳市揭东区东美实验学校,广东,揭阳市揭东区,吴桂涛(法定代表人),存续,东美实验 ,
广东揭阳市揭东区东美实验专门教育矫正基地,广东,揭阳市揭东区,吴桂涛,存续,东美实验 ,
广东河源市紫金县弘毅素质教育创新研究基地,广东,河源市紫金县,"刘强军(法定代表人),刘艳",存续,弘毅素质 ,
广东河源市紫金县创新研究服务有限公司,广东,河源市紫金县,"刘强军,刘艳",存续,弘毅素质 ,
广东揭阳市揭东区金博雅教育发展有限公司,广东,揭阳市揭东区,"刘强军(法定代表人),吴成峰,成会阁",存续,弘毅素质 ,
广东揭阳市榕城区金榜轩教育咨询有限公司,广东,揭阳市榕城区,"刘强军(法定代表人),王乐鹏,戴昌祥,陈先义",已注销,弘毅素质 ,
广东揭阳市揭东区金博雅实验幼儿园有限公司,广东,揭阳市揭东区,"刘强军(法定代表人),吴成峰",存续,弘毅素质 ,
广东揭阳市榕城区华盛强军拓展教育实践有限公司,广东,揭阳市榕城区,"陈舜林(法定代表人),庄玉立,刘强军,陈嘉毅",存续,弘毅素质 ,
广东揭阳市揭东区天天向上教育咨询有限公司,广东,揭阳市揭东区,"刘楚娟(法定代表人),刘强军,谢伟庆,林曼燕",存续,弘毅素质 ,
广东揭阳市榕城区兴利健康信息咨询服务中心,广东,揭阳市榕城区,吴成峰(负责人),已注销,弘毅素质 ,
广东揭阳市揭东区玉蓝教育咨询有限公司,广东,揭阳市揭东区,"王乐彭(法定代表人),袁晓燕,卢育阳",存续,弘毅素质 ,
广东茂名茂南区春雨学校,广东,茂名市茂南区,"杨静(法定代表人),李校长",存续,春雨学校 ,
广东汕头市潮阳区精鹰军事训练营,广东,汕头市潮阳区,未明确,存续,精鹰军事 ,
广东汕头市潮阳区国防教育基地,广东,汕头市潮阳区,未明确,存续,精鹰军事 ,
广东汕头市潮阳区心阳教育青少年素质学校,广东,汕头市潮阳区,刘宝周(法定代表人),存续,心阳教育 ,
广东省汕尾市陆河县育才教育服务有限公司,广东,汕尾市陆河县,"彭飞涌(法定代表人),彭伊娜,苏泳",存续,育才教育 ,
广东广州市黄埔区军狼管理咨询有限公司,广东,广州市黄埔区,"洪锦翅(法定代表人),郝腾飞,黄总教官",存续,军狼/战狼 ,
广东广州市黄埔区军狼青少年叛逆心理矫正特训营,广东,广州市黄埔区,洪锦翅,存续,军狼/战狼 ,
广东广州黄埔区战狼拓展培训有限公司,广东,广州市黄埔区,"许家端(法定代表人),杨等娥",存续,军狼/战狼 ,
广东惠州市仲恺高新区国启教育咨询服务有限公司,广东,惠州市,"向庚中(法定代表人),周国均,文信瑶",存续,军狼/国启 ,
广东惠州国启教育惠州分校青少年训练基地,广东,惠州市,向庚中,存续,军狼/国启 ,
广东广州黄埔区战狼活动策划有限公司,广东,广州市黄埔区,"洪锦翅(法定代表人),许洪恩",存续,军狼/战狼 ,
广东广州天河区铁军拓展训练有限公司,广东,广州市天河区,"余小坡(法定代表人),陈啸宇,赵晶",存续,穗鹰/铁军 ,
广东广州市黄埔区黄埔营地研学旅行服务有限公司,广东,广州市黄埔区,"余小坡(法定代表人),陈啸宇",存续,穗鹰/铁军 ,
广东广州黄埔区子弹壳教育咨询有限公司,广东,广州市黄埔区,"陈啸宇(法定代表人),余小坡",存续,穗鹰/铁军 ,
广东广州市黄埔区黄埔雄鹰军事体育拓展训练有限公司,广东,广州市黄埔区,"王祥好(法定代表人),王艳,王来周",存续,黄埔雄鹰 ,
广东广州市黄埔区黄埔雄鹰教育股份有限公司,广东,广州市黄埔区,"王二忠(法定代表人),王艳,王来周,王来玉,庞军,王传达,许锐,周军",存续,黄埔雄鹰 ,
广东深圳市南山区黄埔雄鹰拓展训练有限公司,广东,深圳市南山区,"王二忠(法定代表人),王艳,武文盛,费玉涛,刘朝松,黄伊冰,江正静,严圣全",已注销,黄埔雄鹰 ,
广东广州黄埔区武星文化有限公司,广东,广州市黄埔区,"敬小娟(法定代表人),周小平,李晓芬,马宏谊,张增仲,付素荣",存续,武星文化 ,
广东东莞市大岭山镇红传文化教育有限公司,广东,东莞市,"陈安(法定代表人),赖昭富,丁涛,朱菡蕾",存续,中启/传启 ,
广东东莞市南城街道中启教育科技服务有限公司,广东,东莞市,"刘建国(法定代表人),刘建玮",存续,中启/传启 ,
广东东莞市大岭山镇传启教育科技有限公司,广东,东莞市,"丁涛(法定代表人),刘建伟,朱菡蕾",已注销,中启/传启 ,
广东东莞市大岭山镇莞雅传启教育科技有限公司,广东,东莞市,"徐莉春(法定代表人),丁涛,朱菡蕾",已注销,中启/传启 ,
广东广州市黄埔区有志研学文化有限公司,广东,广州市黄埔区,"周灼炜,龚霖福,周小平",存续,有志/红色教育 ,
广东广州市黄埔区有志教育文化发展有限公司,广东,广州市黄埔区,"周灼炜,周小平",存续,有志/红色教育 ,
广东广州市黄埔区红色教育科技有限公司,广东,广州市黄埔区,"周小平(法定代表人),邓东超,周大春",存续,有志/红色教育 ,
广东广州黄埔区领军研学旅行服务有限公司,广东,广州市黄埔区,"许洪恩(法定代表人),周方坤",存续,军狼/领军 ,
广东佛山市禅城区德源凯教育咨询有限公司,广东,佛山市禅城区,"王立华(法定代表人),刘瑞玉",存续,德源凯教育 ,
广东肇庆市广宁县智德教育投资有限公司,广东,肇庆市广宁县,"张鑫平(法定代表人),袁火英,罗燕平",存续,智德/辉煌 ,
广东肇庆市广宁县匠德心理咨询有限公司,广东,肇庆市广宁县,"张鑫平(法定代表人),罗燕平",存续,智德/辉煌 ,
广东肇庆县广宁县辉煌户外拓展有限公司,广东,肇庆市广宁县,"李平(法定代表人),罗燕平,张鑫平",存续,智德/辉煌 ,
广东惠州市惠城区博恩心理咨询服务有限公司,广东,惠州市惠城区,"苟佳全(法定代表人),李修飞,吴艳艳",存续,博恩/伯乐 ,
广东惠州市惠城区博恩青少年成长教育基地,广东,惠州市惠城区,苟佳全,存续,博恩/伯乐 ,
广东惠州市博罗县伯乐心理咨询有限公司,广东,惠州市博罗县,"李修飞(法定代表人),苟佳全,吴艳艳",存续,博恩/伯乐 ,
广东惠州市博罗县罗阳街道伯乐青少年教育成长基地,广东,惠州市博罗县,李修飞,存续,博恩/伯乐 ,
广东揭阳市榕城区明德教育基地,广东,揭阳市榕城区,"张仁(法定代表人),李小武,吴丽珠,蔡信珠",存续,明德教育 ,
广东揭阳市榕城区明德教育咨询服务有限公司,广东,揭阳市榕城区,"张仁,李小武",存续,明德教育 ,
广东东莞市塘厦镇志华教育咨询有限公司,广东,东莞市,"张进(法定代表人),段敏,周颖",存续,志华教育 ,
广东深圳龙华区正心教育咨询有限公司,广东,深圳市龙华区,"王麦龙(法定代表人),由晗",存续,正心教育 ,
广东惠州惠阳区正心教育研究院,广东,惠州市惠阳区,王麦龙(负责人),存续,正心教育 ,
广东深圳市龙岗区坦途教育咨询服务中心,广东,深圳市龙岗区,刘岳(负责人),存续,坦途教育 ,
广东佛山禅城区爱国爱军文化传播有限公司,广东,佛山市禅城区,"彭义欣(法定代表人),晏绪炎,熊珍珍,邹虹",存续,爱国爱军 ,
广东茂名高州市盛学教育科技有限公司,广东,茂名高州市,"唐甜(法定代表人),彭开",存续,大连首席关联 ,
广东中山横栏镇和泽教育咨询有限公司,广东,中山市,"邹轲(法定代表人),彭开",已注销,大连首席关联 ,
广东中山横栏镇天泽教育咨询有限公司,广东,中山市,"彭开(法定代表人),邹轲",已注销,大连首席关联 ,
广东广州海珠区太优竞思教育咨询有限公司,广东,广州市海珠区,"张龙(法定代表人),忽以阳,张瑛",存续,竞思/太优体系 ,
广东广州天河区竞思教育科技有限公司,广东,广州市天河区,"忽以阳(法定代表人),李嘉欣",存续,竞思/太优体系 ,
广东广州白云区竞阅专注科技有限公司,广东,广州市白云区,"郑丽(法定代表人),忽以阳",存续,竞思/太优体系 ,
广东广州番禺区竞优专注科技有限公司,广东,广州市番禺区,"郑丽(法定代表人),忽以阳",存续,竞思/太优体系 ,
广东深圳南山区竞巧教育科技有限公司,广东,深圳市南山区,"胡润之(法定代表人),忽以阳",已注销,竞思/太优体系 ,
广东深圳市龙岗区竞优思维教育发展有限公司,广东,深圳市龙岗区,"胡润之(法定代表人),张瑛,张龙",存续,竞思/太优体系 ,
广东深圳市福田区竞阅教育培训中心有限公司,广东,深圳市福田区,胡润之(法定代表人),存续,竞思/太优体系 ,
广东佛山禅城区竞优教育科技有限公司,广东,佛山市禅城区,"郑丽(法定代表人),忽以阳,刘锦涛",存续,竞思/太优体系 ,
广东广州白云区成远教育咨询有限公司,广东,广州市白云区,"付江涛(法定代表人),成远,蒲晗,尧永波",已注销,成远教育 ,
广东肇庆市端州区德馨教育科技有限公司,广东,肇庆市端州区,"温子良(法定代表人),杨军",存续,德馨/华益关联 ,
江西南昌豫章书院修身教育专修学校,江西,南昌市,"吴军豹(校长),任伟强(法定代表人),吴淑媛(副校长),张顺,屈文宽,陈宾",已关闭,豫章书院体系,
江西南昌龙心有悔心理教育专修学校,江西,南昌市,吴军豹(校长),已关闭,豫章书院体系,
江西南昌市西湖区心乐源健康教育咨询有限公司,江西,南昌市西湖区,"吴军豹(法定代表人),彭跃红,张荣,余琳,于少鸣",已关闭,豫章书院关联,
江西南昌市西湖区龙悔教育咨询有限责任公司,江西,南昌市西湖区,"吴军豹(法定代表人),颜玉明,徐德忠,冯小龙",已关闭,豫章书院关联,
江西南昌南昌高新技术产业开发区堂渊文,江西,南昌市,"胡利兰(法定代表人),胡艳红,胡赢风,吴军豹,章伟,未飞飞,潘尚东",存续,豫章书院关联,
豫章书院文化产业发展有限公司,江西,南昌市,"胡利兰,吴军豹,章伟",存续,豫章书院关联,
江西南昌职义网教育咨询有限公司,江西,南昌市,"胡艳红(法定代表人),章伟,潘尚东",已注销,豫章书院关联,
江西南昌南昌县罗家礼学文化传播有限公司,江西,南昌县,"罗小保(法定代表人),罗时河,章伟,未飞飞",已注销,豫章书院关联,
江西南昌觉斯堂研习旅行社有限公司,江西,南昌市,"吴俭海(法定代表人),屈文宽(监事)",存续,豫章书院关联,
江西南昌青山湖区少春中学,江西,南昌市青山湖区,"郑少春(校长),郑韶春(法定代表人)",存续,少春中学体系,
江西南昌西湖区少春基础教育考试研究中心有限公司,江西,南昌市西湖区,"郑韶春(总经理),杨叶梅(法定代表人),郑韶良",存续,少春中学关联,
江西南昌新建区阳光学校,江西,南昌市新建区,"张云辉(法定代表人/校长),肖勇,毛惠民,雷加如,张玲",存续,阳光学校/鸿杰少年,
江西南昌新建区鸿杰少年学校,江西,南昌市新建区,"张云辉,肖勇",存续,阳光学校/鸿杰少年,
江西九江国科共青城实验学校,江西,九江市,"王金战(校长),邹小钊(执行校长)",存续,国科共青城,
江西鹰潭青远青少年素质教育学校,江西,鹰潭市,"汪树青(法定代表人/校长),胡兵花",存续,青远教育,
江西赣州市安远县伍兵咨询服务有限公司,江西,赣州市安远县,"王勇(法定代表人),王召平,谢全培,王火明",存续,伍兵咨询,
江西赣州信丰县成龙素质教育基地,江西,赣州市信丰县,"赖祥(法定代表人),张秀美",存续,成龙教育,
江西赣州信丰县成龙教育咨询服务有限公司,江西,赣州市信丰县,"赖祥,张秀美",存续,成龙教育,
江西赣州市章贡区老兵营地企业管理咨询有限公司,江西,赣州市章贡区,"江长禄(法定代表人),温燕华",存续,老兵营地,
江西赣州市章贡区老兵营地训练中心,江西,赣州市章贡区,江长禄,存续,老兵营地,
赣州老兵营地企业管理咨询有限公司南昌分公司,江西,南昌市,江长禄(负责人),存续,老兵营地,
江西宜春市丰城市尚庄街道丰城市社区矫正基地,江西,丰城市,李华(法定代表人),存续,龙剑基地,
江西宜春市丰城市社区矫正协会,江西,丰城市,李华,存续,龙剑基地,
江西宜春市丰城市龙剑基地人才发展有限公司,江西,丰城市,"李华(法定代表人),丁勇钢",存续,龙剑基地,
江西宜春市丰城市华瑞拓展有限公司,江西,丰城市,"李华,丁勇钢",存续,龙剑基地,
江西宜春市袁州区博智心理咨询疏导服务中心,江西,宜春市袁州区,孙健(负责人),已注销,博智心理,
江西抚州市临川区高坪镇道成素质训练中心,江西,抚州市临川区,黄军可(法定代表人),存续,道成/道诚,
江西抚州市临川区高坪镇道诚教育咨询有限公司,江西,抚州市临川区,黄军可(法定代表人),存续,道成/道诚,
江西上饶市广信区江西省国防文化教育基地,江西,上饶市广信区,未明确,存续,国防文化教育,
江西南昌市南昌高新技术产业开发区兴智教育科技有限公司,江西,南昌市,"汪志强(法定代表人),艾江生,吴万根",存续,兴智教育体系,
江西南昌市南昌高新技术产业开发区爱美创教育科技有限公司,江西,南昌市,"汪志强,艾江生",存续,兴智教育体系,
江西南昌市南昌高新技术产业开发区兴智职业技能培训学校有限公司,江西,南昌市,"尚伟(法定代表人),陈志超",存续,兴智教育体系,
江西南昌红谷滩区兴家启智教育咨询有限公司,江西,南昌市,"汪志强(法定代表人),张然",存续,兴智教育体系,
江西南昌湾里区兴智学堂教育咨询有限公司,江西,南昌市,"张然(法定代表人),汪志强",存续,兴智教育体系,
江西南昌新建区正面教育科技有限公司,江西,南昌市新建区,"张然(法定代表人),张弼贵",存续,兴智教育体系,
江西赣州信丰县雄耀户外运动有限公司,江西,赣州市信丰县,"廖为斌(法定代表人),邓芳,杨江城",存续,战龙雄耀,
江西赣州信丰县战龙雄耀基地,江西,赣州市信丰县,杨江城,存续,战龙雄耀,
安徽合肥长丰县新目标素质教育,安徽,合肥市长丰县,"陈孝杨(法定代表人),汪步金(监事),余芳敏(高管)",存续,新目标/简道体系 ,
安徽合肥长丰县新目标教育咨询有限公司,安徽,合肥市长丰县,"陈孝杨,汪步金",存续,新目标/简道体系 ,
安徽合肥巢湖市厚德教育咨询有限公司,安徽,合肥市巢湖市,"陈孝杨(法定代表人),李剑(校长),仵志强(监事)",存续,新目标/简道体系 ,
安徽合肥新站区爱之圃文化传播有限公司,安徽,合肥市新站区,"陈孝杨(法定代表人),仵志强(监事),余芳敏(高管)",已注销,新目标/简道体系 ,
安徽合肥新站区泽贤教育科技有限公司,安徽,合肥市新站区,"李剑(法定代表人),徐雷(监事),赵兴桂,刘祥",存续,新目标/简道体系 ,
安徽合肥长丰县探文教育科技有限公司,安徽,合肥市长丰县,"李剑(法定代表人),徐雷(监事),刘臣,刘祥",存续,新目标/简道体系 ,
安徽合肥蜀山区前程教育服务有限公司,安徽,合肥市蜀山区,"吴念东(法定代表人),刘祥(监事),许玲",存续,前程教育 ,
安徽合肥新站区育良德教育咨询有限公司,安徽,合肥市新站区,"陈永凤(法定代表人),陈兰(监事)",存续,育良德 ,
安徽合肥长丰县育良德文化传播有限公司,安徽,合肥市长丰县,"陈佳佳(法定代表人),陈兰(监事)",已注销,育良德 ,
安徽阜阳市颍上县幸福滨河置业有限公司,安徽,阜阳市颍上县,"彭俊龙(法定代表人),汪丽平,唐飞",存续,新目标关联 ,
安徽合肥国澜教育科技有限公司,安徽,合肥市,"张奎(法定代表人),张军(监事)",存续,国澜/猎鹰 ,
安徽合肥猎鹰军拓体育文化有限公司,安徽,合肥市,"张奎(法定代表人),张军,刘维愿",存续,国澜/猎鹰 ,
安徽合肥市庐山县正能青少年特训学校,安徽,合肥市,"罗铿(法定代表人),罗丹(监事)",已关闭,正能教育 ,
安徽合肥市蜀山区正能教育有限公司,安徽,合肥市蜀山区,"罗铿,罗丹",已关闭,正能教育 ,
安徽合肥徽育青少年素质教育,安徽,合肥市,杨俊(法定代表人),存续,徽育教育 ,
安徽安庆宜秀区民德素质教育学校,安徽,安庆市宜秀区,"黄忠贵(法定代表人),张贵全(监事)",存续,民德教育 ,
安徽安庆怀宁鸣天教育咨询有限公司,安徽,安庆市怀宁县,"张贵全(监事),姚广(监事)",已注销,民德关联 ,
安徽安庆潜山市民德户外拓展服务有限公司,安徽,安庆市潜山市,"张贵全(法定代表人),张贵松(监事)",存续,民德教育 ,
安徽六安市裕安区振徽专门学校,安徽,六安市裕安区,蔡书童(法定代表人),存续,振徽/一鸣体系 ,
安徽马鞍山和县一鸣青少年特效教育学校,安徽,马鞍山市和县,"蔡书童(法定代表人),王校长",存续,振徽/一鸣体系 ,
安徽六安市裕安区云书教育科技有限公司,安徽,六安市裕安区,"蔡书童(法定代表人),庞红有(监事)",存续,振徽/一鸣体系 ,
安徽六安市霍邱县正德职业培训学校有限公司,安徽,六安市霍邱县,"韩玉菊(法定代表人),田华伟(监事)",存续,萃华体系 ,
安徽六安市霍邱县萃华学校,安徽,六安市霍邱县,韩玉菊(法定代表人),存续,萃华体系 ,
安徽六安市霍邱县萃华实验学校,安徽,六安市霍邱县,韩玉菊,存续,萃华体系 ,
安徽六安市霍邱县萃华青少年特训学校,安徽,六安市霍邱县,韩玉菊,存续,萃华体系 ,
安徽芜湖鸠江区芜湖市宁静医院,安徽,芜湖市鸠江区,"张伟民(法定代表人),黄兴,葛藤,付方新,施洲宏",存续,宁静医院 ,
安徽芜湖鸠江区芜湖市宁静医院有限公司,安徽,芜湖市鸠江区,张伟民,存续,宁静医院 ,
安徽蚌埠市怀远县卓捷教育咨询有限公司,安徽,蚌埠市怀远县,"李旭(法定代表人),李青青,张梦茹",存续,卓捷教育 ,
安徽宣城绩溪县素励课外教育学校有限公司,安徽,宣城市绩溪县,"邵仙菊(法定代表人),邓玉春,吴清,余希帆,王彪,胡志清",已注销,英高特关联/素励 ,
安徽宣城绩溪县湘学浙素文化艺术交流有限公司,安徽,宣城市绩溪县,"李文明(法定代表人),余希帆,邓玉春,王彪,胡志清",存续,英高特关联/湘学 [cite: 1, 2]
安徽合肥市瑶海区居康情感咨询有限公司,安徽,合肥市瑶海区,"王加远(法定代表人),王庆功(监事)",已注销,纽扣关联 ,
安徽合肥市瑶海区醒悟情感咨询有限公司,安徽,合肥市瑶海区,"冯建景(法定代表人),李振祥(监事)",已注销,指引人生关联 ,
安徽合肥市瑶海区沟新伦高教育咨询有限公司,安徽,合肥市瑶海区,"王鹏(法定代表人),闫海发",存续,伦高教育体系 ,
安徽合肥市瑶海区城伦高信教育咨询有限公司,安徽,合肥市瑶海区,"闫海发(法定代表人),徐立志",存续,伦高教育体系 ,
安徽合肥市经济技术开发区兰莱曼教育咨询有限公司,安徽,合肥市经济技术开发区,"徐立志(法定代表人),王鹏",存续,伦高教育体系 ,
安徽合肥高新区名辰良师文化传播有限公司,安徽,合肥高新区,"赵海微(法定代表人),方策",存续,大连首席关联 ,
安徽合肥高新区上考教育咨询有限公司,安徽,合肥高新区,"赵海微(法定代表人),方策",存续,大连首席关联 ,
安徽合肥蜀山区兴智教育科技有限公司,安徽,合肥市蜀山区,"张然(法定代表人),汪志强",存续,兴智教育体系 ,
安徽合肥市蜀山区青优思途心理咨询有限公司,安徽,合肥市蜀山区,"江学伟(法定代表人),魏田奇",存续,青优特训体系 ,
安徽合肥蜀山区洛晟任教育科技有限公司,安徽,合肥市蜀山区,"王文杰(法定代表人),邹曙鸿",存续,全国性换壳体系 ,
广西南宁市起航拯救训练营,广西,南宁市,未明确,已关闭,起航拯救,
广西南宁隆安县龙翔学校,广西,隆安县,"周建军(法定代表人),周建伟",存续,龙翔学校,
广西桂林市七星区凯越励志教育,广西,桂林市七星区,庞红阳(法定代表人),存续,凯越/正仁体系,
广西桂林市七星区凯越拓展训练有限公司,广西,桂林市七星区,庞红阳,存续,凯越/正仁体系,
广西桂林市七星区凯越阳光青少年成长教育,广西,桂林市七星区,庞红阳,存续,凯越/正仁体系,
广西玉林市福绵区正仁拓展训练学校,广西,玉林市福绵区,"庞红阳(法定代表人),晏伟健(监事)",存续,凯越/正仁体系,
广西玉林市福绵区正仁拓展训练有限公司,广西,玉林市福绵区,"庞红阳,晏伟健",存续,凯越/正仁体系,
广西桂林市灵川县正知青少年成长基地,广西,灵川县,"郑钢(法定代表人),颜德全(监事)",存续,正知教育,
广西桂林市灵川县正知教育咨询有限公司,广西,灵川县,"郑钢,颜德全",存续,正知教育,
广西南宁市西乡塘区群博教育咨询有限公司,广西,南宁市西乡塘区,"杨义生(法定代表人),韩芳雪(校长),陈小梅(监事)",存续,群博/群英体系,
广西南宁市西乡塘区群博励志教育学校,广西,南宁市西乡塘区,"杨义生,韩芳雪",存续,群博/群英体系,
广西玉林市玉州区群英教育咨询有限公司,广西,玉林市玉州区,"陈小梅(法定代表人),杨义生,韩芳雪",已注销,群博/群英体系,
广西桂林凯越拓展训练有限公司灵川分公司,广西,灵川县,庞红阳(负责人),存续,凯越/正仁体系,
广西南宁德馨励志教育文化传播有限公司,广西,南宁市,"莫姿燕(法定代表人),刘卫平(校长)",存续,德馨励志,
广西南宁市兴宁区昆仑镇新起点教育,广西,南宁市兴宁区,"黄荣音(法定代表人),林全兴(监事),何丽丽",存续,新起点/青澜山,
广西新起点体育文化发展有限公司,广西,南宁市,"黄荣音,林全兴",存续,新起点/青澜山,
广西南宁市兴宁区昆仑镇青澜山教育科技有限公司,广西,南宁市兴宁区,"吴翠琴(法定代表人),柏彤(监事)",存续,新起点/青澜山,
广西南宁市兴宁区五塘镇中邦华隆青少年综合素质培训基地,广西,南宁市兴宁区,"周传宝(法定代表人),黄远海(监事)",存续,中邦华隆,
广西南宁市兴宁区昆仑镇中邦华隆青少年综合素质培训基地,广西,南宁市兴宁区,"周传宝,黄远海",存续,中邦华隆,
广西南宁市兴宁区中邦华隆教育投资管理有限公司,广西,南宁市兴宁区,"周传宝,黄远海",存续,中邦华隆,
广西南宁市江南区皓翔教育咨询有限公司,广西,南宁市江南区,"黄格陵(法定代表人),黄皓陵",存续,皓翔教育,
广西南宁西乡塘区天阔教育咨询有限公司,广西,南宁市西乡塘区,"梁琼规(法定代表人),陈源柠(监事),刘雪蓉,梁晓晖,彭健华",存续,天阔/朝阳体系,
广西天阔·朝阳励志教育,广西,南宁市,"梁琼规,刘雪蓉",存续,天阔/朝阳体系,
广西南宁市江南区朝阳励志教育咨询有限公司,广西,南宁市江南区,"梁琼规(法定代表人),刘雪蓉",存续,天阔/朝阳体系,
广西南宁市江南区天拓宏远教育咨询有限公司,广西,南宁市江南区,"梁琼规(法定代表人),刘雪蓉,梁晓晖,彭健华,陈源柠",存续,天阔/朝阳体系,
广西南宁市江南区忠诚卫士拓展训练有限公司,广西,南宁市江南区,"林洪英(法定代表人),吕向红,张云生,吴锡军,雷朝根",存续,忠诚卫士,
广西南宁市江南区忠诚卫士国防教育基地,广西,南宁市江南区,林洪英,存续,忠诚卫士,
广西南宁市江南区忠诚卫士教育投资有限公司,广西,南宁市江南区,林洪英,存续,忠诚卫士,
广西南宁市青秀区向荣教育咨询有限公司,广西,南宁市青秀区,"梁琼规(法定代表人),陈源柠",存续,天阔/朝阳关联,
广西南宁市青秀区武兵文化传播有限公司,广西,南宁市青秀区,"李其州(法定代表人),奚学常",存续,武兵国防,
广西南宁市青秀区武兵国防教育基地,广西,南宁市青秀区,李其州,存续,武兵国防,
广西南宁市江南区狼兵卫士拓展训练有限公司,广西,南宁市江南区,"林洪英(法定代表人),周厚芳",存续,忠诚卫士关联,
广西南宁市西乡塘区明诚教育培训学校,广西,南宁市西乡塘区,曾庆桂(法定代表人),存续,明诚教育,
广西百色市右江区尧程军创拓展训练有限公司,广西,百色市右江区,"张云生(法定代表人),韦方图,杨海,刘怀宇",存续,忠诚卫士/尧程体系,
广西南宁市右江区尧程教育投资有限公司,广西,百色市右江区,"罗利林(法定代表人),张云生,杨锦萍",存续,忠诚卫士/尧程体系,
广西百色市右江区翰雅教育科技有限公司,广西,百色市右江区,"蓝福周(法定代表人),李华燕,张六生,张争光,张云生,韦丽敏",存续,翰雅教育,
广西玉林市陆川县翰雅教育培训学校有限公司,广西,陆川县,"蓝福周(法定代表人),凌飞扬,蓝福军",存续,翰雅教育,
广西玉林市陆川县翰雅校外托管服务有限公司,广西,陆川县,"蓝福周,凌飞扬",存续,翰雅教育,
广西百色市右江区斌行者传统文化传播有限责任公司,广西,百色市右江区,"李其州(法定代表人),奚学常",已注销,武兵国防关联,
广西尧程教育投资有限公司百色分公司,广西,百色市,罗利林(负责人),存续,尧程教育,
广西南宁兴宁区德馨励志教育咨询有限公司,广西,南宁市兴宁区,莫姿燕(法定代表人),存续,德馨励志,
广西玉林市玉州区德馨励志文化传播有限公司,广西,玉林市玉州区,"莫姿燕(法定代表人),梁春妮",存续,德馨励志,
广西玉林市玉州区新叶教育信息咨询有限公司,广西,玉林市玉州区,"彭青琳(法定代表人),梁英雄,胡剑(校长),杨春霞,杨京霖,黄冠玮(主任),何旭新",存续,新叶/乐力体系,
广西玉林玉州区东方励志教育信息咨询有限公司,广西,玉林市玉州区,"梁英雄(法定代表人),彭青琳",存续,新叶/乐力体系,
广西玉林市玉州区乐力教育咨询有限公司,广西,玉林市玉州区,"梁宇飞(法定代表人),梁业生",存续,新叶/乐力体系,
广西玉林市兴业县乐力教育咨询有限公司,广西,玉林市兴业县,"梁宇飞(法定代表人),梁业生",存续,新叶/乐力体系,
广西玉林市玉州区南方文武学校,广西,玉林市玉州区,梁宇飞(法定代表人),存续,新叶/乐力体系,
广西玉林市玉州区柏闻教育咨询有限公司,广西,玉林市玉州区,"梁业生(法定代表人),梁军",已注销,新叶/乐力体系,
广西玉林市玉州区康伯文化发展有限公司,广西,玉林市玉州区,"梁业生(法定代表人),梁杰文",存续,新叶/乐力体系,
广西玉林玉州区听心声心理咨询有限公司,广西,玉林市玉州区,"梁英雄(法定代表人),彭青琳,曾蓉媚",存续,新叶/乐力体系,
广西玉林玉州区狼兵拓展训练有限责任公司,广西,玉林市玉州区,"梁英雄(法定代表人),曾蓉媚",存续,新叶/乐力体系,
广西玉林市北流市新定义教育咨询有限公司,广西,北流市,"李珊珊(法定代表人),许春燕",存续,新定义教育,
广西玉林市北流市新定义校外托管服务有限公司,广西,北流市,"李珊珊(法定代表人),许春燕",存续,新定义教育,
广西玉林市玉州区壮志凌云教育咨询有限责任公司,广西,玉林市玉州区,"陈柏任(法定代表人),廖建林,黄玉梅",存续,壮志凌云,
广西玉林市玉州区弘志教育咨询有限责任公司,广西,玉林市玉州区,"蒋清明(法定代表人),梁惠波",存续,弘志教育,
广西玉林艾汇教育咨询有限公司,广西,玉林市,"戴春梅(法定代表人),吕坚",存续,艾汇教育,
广西玉林玉州区菜鸟励志教育基地,广西,玉林市玉州区,未明确,存续,菜鸟励志,
广西百色市汪甸瑶族乡青少年励志教育学校,广西,百色市汪甸乡,陆体质(法定代表人),存续,汪甸励志,
广西钦州市灵山县华益教育咨询有限公司,广西,灵山县,"温子良(法定代表人),彭培源",存续,华益学校,
广西钦州市灵山县华益学校,广西,灵山县,温子良,存续,华益学校,
广西柳州市柳南区南环中学,广西,柳州市柳南区,未明确,存续,南环中学,
广西河池市都安瑶族自治县德才教育管理有限责任公司,广西,都安县,"韦元内(法定代表人),黄志良,蓝利梅,唐柳,罗淦,韦秋妮",存续,德才教育,
广西河池市都安瑶族自治县德才励志教育学校,广西,都安县,韦元内,存续,德才教育,
广西河池市都安瑶族自治县众强教育管理有限公司,广西,都安县,"韦元内(法定代表人),唐柳,韦庆磊",存续,德才教育关联,
广西来宾市兴宾区易贤校外托管服务有限公司,广西,来宾市兴宾区,"张军(法定代表人),汪桂斌,梁晓娟",存续,新阳/领航体系,
广西来宾市兴宾区新阳教育服务有限公司,广西,来宾市兴宾区,"江桂斌(法定代表人),张军(总经理),杨小存",存续,新阳/领航体系,
广西来宾市兴宾区恒合教育科技有限公司,广西,来宾市兴宾区,"覃兆嘉(法定代表人),黄恒赛,江桂斌,余宏志,潘文星",已注销,新阳/领航体系,
广西北海市海城区新阳领航教育信息咨询有限公司,广西,北海市海城区,"江桂斌(法定代表人),张纯",已注销,新阳/领航体系,
广西南宁市西乡塘区红扬文化传媒有限公司,广西,南宁市西乡塘区,"谢其棒(法定代表人),江桂斌",已注销,新阳/领航关联,
来宾市新阳教育服务有限公司华侨分公司,广西,来宾市,江桂斌(负责人),已注销,新阳/领航体系,
广西北海市银海区愉达复教育咨询有限公司,广西,北海市银海区,"王燕(法定代表人),李江波,王伟",存续,愉达复教育,
广西南宁市青秀区兴华励志教育,广西,南宁市青秀区,"梁恩豪(负责人),梁美(校长),甘小武,张译文,贾建鑫",存续,兴华励志体系,
广西南宁市青秀区兴华教育咨询中心,广西,南宁市青秀区,梁恩豪,存续,兴华励志体系,
广西南宁市武鸣区绿邦国防教育实践基地,广西,南宁市武鸣区,"刘成华(校长/创办人),卓君",存续,兴华/绿邦体系,
广西南宁市东盟经济开发区绿邦国防教育军事训练基地,广西,南宁市,刘成华,存续,兴华/绿邦体系,
广西贵港市港北区正阳励志拓展训练有限公司,广西,贵港市港北区,梁美(法定代表人),存续,正阳励志/兴华关联,
广西贵港市港北区正阳励志教育,广西,贵港市港北区,梁美,存续,正阳励志/兴华关联,
广西南宁爱成分之道教育咨询有限公司,广西,南宁市,"梁美(法定代表人),黄金娇",存续,兴华关联,
陕西西安市雁塔区艾尚阳光心理咨询有限公司,陕西,西安市雁塔区,"朱馨蕊(法定代表人),李伟(监事),赵艳艳,张亚敏,罗毅娜",存续,艾尚阳光,
陕西西安市高新区艾尚阳光心理咨询有限公司,陕西,西安市高新区,"朱馨蕊,赵艳艳",存续,艾尚阳光,
陕西西安育尚才源教育科技有限公司,陕西,西安市,"胡建华(法定代表人),宁高峰(监事)",存续,育尚才源,
陕西咸阳大正教育科技有限公司,陕西,咸阳市,"李向阳(校长),张浩(校长),白伟(教官)",存续,大正教育,
陕西西安凯翔拓展训练有限公司,陕西,西安市,白伟(法定代表人),已注销,大正关联,
陕西西安冠美教育科技有限公司,陕西,西安市,张浩(法定代表人),已注销,大正关联,
陕西西安军培青少年素质特训学校,陕西,西安市,未明确,存续,军培教育,
陕西西安阎良区战狼军事研学基地,陕西,西安市阎良区,姓买(营长/法定代表人),存续,战狼研学,
陕西西安阎良区战狼户外拓展训练有限公司,陕西,西安市阎良区,"姓买,崔艳妮(监事)",存续,战狼研学,
陕西西安碑林区一宸阳光教育科技有限公司,陕西,西安市碑林区,"田旭(法定代表人),战晓鹿(监事)",存续,一宸阳光,
陕西西安碑林区一宸阳光心理咨询有限公司,陕西,西安市碑林区,"田旭(法定代表人),葛侠(高管),田楚楚(监事)",存续,一宸阳光,
陕西西安市长安区名方心理咨询有限公司,陕西,西安市长安区,"许方礼(法定代表人),许方兵(监事)",存续,重生/名方体系,
陕西西安市长安区重生文化艺术教育有限公司,陕西,西安市长安区,"许方礼(法定代表人),许方兵(监事)",存续,重生/名方体系,
陕西西安市长安区重生综合训练基地,陕西,西安市长安区,许方礼,存续,重生/名方体系,
陕西西安市长安区化蝶重生心理咨询有限公司,陕西,西安市长安区,许方礼,存续,重生/名方体系,
陕西西安圆梦育德教育科技有限公司,陕西,西安市,"王超(法定代表人/董事长),曹明娟(监事),郑陶(总经理),陈芮可,赵正楠,冯兴成",存续,圆梦育德,
陕西咸阳泾阳县圆梦育德体育培训学校有限公司,陕西,咸阳市泾阳县,"王超(法定代表人),陈芮可(监事)",存续,圆梦育德,
陕西咸阳市好学时光教育科技有限公司,陕西,咸阳市,"刘洋(法定代表人),刘俊(监事)",存续,好学时光,
陕西咸阳市秦都区晟卫保安服务有限公司,陕西,咸阳市秦都区,"童波(法定代表人),张裕,段心月,肖婷,陈旭东,薛春羽",存续,晟卫保安关联,
陕西咸阳市雁塔区晟卫保安服务有限公司,陕西,咸阳市,"童波,张裕",存续,晟卫保安关联,
陕西西咸新区泾河新城龙秋教育咨询服务部,陕西,西咸新区,郑甜甜(负责人),存续,龙秋教育,
陕西西咸新区空港新城励动教育咨询服务中心,陕西,西咸新区,奉竹香(法定代表人),存续,励动教育,
陕西商洛商州区思博睿教育培训学校有限公司,陕西,商洛市商州区,"刘娇姣(法定代表人),郭喜堂,林云峰",存续,思博睿,
陕西西安高新区艺素体武企业管理有限公司,陕西,西安市高新区,"邓佳(法定代表人),汤超(监事),徐畅",存续,艺素体/英高特关联,
陕西西安蓝田县护航青少年特训学校,陕西,西安市蓝田县,未明确,存续,护航教育关联,
陕西西安市莲湖区瑞象教育科技有限公司,陕西,西安市莲湖区,"邹轲(法定代表人),彭开",存续,大连首席关联,
陕西西安市莲湖区优美荚教育咨询有限公司,陕西,西安市莲湖区,"张婉(法定代表人),王墩南(监事)",存续,二月春/尔庆关联,
陕西西安碑林区兴智教育科技有限公司,陕西,西安市碑林区,"张然(法定代表人),汪志强",存续,兴智教育体系,
陕西西安经济技术开发区竞优教育科技有限公司,陕西,西安市,"陈诗涵(法定代表人),张龙",存续,竞思/太优体系,
贵州贵阳修文县胜维青少年教育,贵州,贵阳市修文县,"何梅平(法定代表人),周甜(监事)",存续,胜维/育贤体系,
贵州贵阳修文县胜维教育咨询有限公司,贵州,贵阳市修文县,"何梅平,周甜",存续,胜维/育贤体系,
贵州贵阳修文县育贤教育咨询有限公司,贵州,贵阳市修文县,"何梅平,周甜",存续,胜维/育贤体系,
贵阳贵阳修文县启德教育咨询有限公司,贵州,贵阳市修文县,"何梅平(法定代表人),周甜(监事)",存续,胜维/育贤体系,
贵州贵阳市修文县久长街道育贤教育咨询有限公司,贵州,贵阳市修文县,"何梅平,周甜",存续,胜维/育贤体系,
贵州贵阳市修文县久长街道胜维教育咨询有限公司,贵州,贵阳市修文县,"何梅平,周甜",存续,胜维/育贤体系,
贵州贵阳市修文县久长街道启德教育咨询有限公司,贵州,贵阳市修文县,"何梅平,周甜",存续,胜维/育贤体系,
贵州贵阳市修文县胜维心理咨询中心,贵州,贵阳市修文县,何梅平(负责人),存续,胜维/育贤体系,
贵州贵阳市修文县前沿咨询服务有限公司,贵州,贵阳市修文县,"成晏莹(法定代表人),赵华(监事)",存续,前沿咨询,
贵州省贵阳市修文县原清让中学,贵州,贵阳市修文县,"成晏莹,赵华",存续,前沿咨询,
贵州省遵义市红花岗区言传身教育咨询有限公司,贵州,遵义市红花岗区,"成晏莹(法定代表人),赵华(监事)",存续,前沿咨询,
贵州遵义市播州区格恒教育咨询有限公司,贵州,遵义市播州区,"袁雪琴(法定代表人),吴义刚,曾敏",存续,格恒/直利,
贵州遵义正思托管服务有限责任公司,贵州,遵义市,"袁雪琴(法定代表人),吴义刚,曾敏",已注销,格恒/直利,
贵州遵义市新蒲新区立禾心理咨询有限公司,贵州,遵义市新蒲新区,"黄静波(法定代表人),张耀军,王旭艳",存续,立禾教育,
贵州遵义市新蒲新区立禾素质教育咨询有限公司,贵州,遵义市新蒲新区,"黄静波(法定代表人),张耀军",存续,立禾教育,
贵州省遵义市红花岗区致立教育,贵州,遵义市红花岗区,"高长菊(法定代表人),赖小凯(监事)",存续,致立教育,
贵州省遵义市红花岗区致立教育咨询有限公司,贵州,遵义市红花岗区,"高长菊,赖小凯",存续,致立教育,
贵州遵义思诺行青少年教育学校,贵州,遵义市,"黄光勇(法定代表人),李群珍(监事),周兴强(经理)",存续,思诺行,
贵州铜仁市沿河自治县启航户外拓展有限公司,贵州,沿河县,"朱进权(法定代表人),王超(监事),田春义",存续,启航/沿创关联,
贵州贵阳市观山湖区沿创户外拓展有限公司,贵州,贵阳市观山湖区,"何魁(法定代表人),蔡红强,王进,田小江,王超",存续,启航/沿创关联,
贵州黔西自治州兴义市志扬户外拓展有限公司,贵州,兴义市,余方文(法定代表人),存续,志扬户外,
贵州黔西自治州兴义市志扬户外拓展基地,贵州,兴义市,余方文,存续,志扬户外,
贵州黔西自治州兴义市泽育户外运动有限公司,贵州,兴义市,余方文,存续,志扬户外,
贵州黔西自治州兴仁市巴铃镇仁德学校,贵州,兴仁市,张应军(法定代表人),存续,仁德学校,
贵州贵阳市花溪区聚英才拓展训练有限公司,贵州,贵阳市花溪区,"周跃军(法定代表人),周子锐,叶良前,龙思禄,陈啟政,何正明",存续,白领尔/新启点,
贵州贵阳市花溪区新启点素质培训矫正服务中心,贵州,贵阳市花溪区,周跃军(法定代表人),存续,白领尔/新启点,
贵州贵阳市花溪区新启点教育,贵州,贵阳市花溪区,周跃军,存续,白领尔/新启点,
贵州贵阳市花溪区贵州君道国防教育基地,贵州,贵阳市花溪区,周跃军,存续,白领尔/新启点,
贵州贵阳市花溪区立新素质教育咨询有限公司,贵州,贵阳市花溪区,"周跃军(法定代表人),周子锐,叶良前,龙思禄,陈啟政",存续,白领尔/新启点,
贵州遵义市播州区直利教育咨询有限公司,贵州,遵义市播州区,"刘克勤(法定代表人),程秋杰,杨春光",存续,直利特/锦辉关联,
贵州遵义市播州区铭辉教育咨询有限公司,贵州,遵义市播州区,"刘克勤(法定代表人),段明星",存续,直利特/锦辉关联,
贵州遵义播州区耕力青少年好习惯培育学校,贵州,遵义市播州区,"祝应国(法定代表人),祝钇印",存续,耕力/晓雪体系,
贵州遵义播州区耕力文化传播有限公司,贵州,遵义市播州区,"祝应国,祝钇印",存续,耕力/晓雪体系,
贵州遵义播州区耕力拓展训练有限公司,贵州,遵义市播州区,"祝应国,祝钇印",存续,耕力/晓雪体系,
贵州遵义播州区耕利家风教育咨询有限公司,贵州,遵义市播州区,"段明燕(法定代表人),祝钇戎,黄晓雪",存续,耕力/晓雪体系,
贵州遵义播州区格领教育科技有限公司,贵州,遵义市播州区,"祝钇印(法定代表人),黄晓雪",存续,耕力/晓雪体系,
贵州省遵义市播州区晓雪教育咨询有限公司,贵州,遵义市播州区,"黄晓雪(法定代表人),祝钇印",存续,耕力/晓雪体系,
贵州省遵义市播州区晓雪心理咨询有限公司,贵州,遵义市播州区,"黄晓雪,祝钇印",存续,耕力/晓雪体系,
贵州遵义汇川区格恒直利教育咨询有限公司,贵州,遵义市汇川区,"毕成龙(法定代表人),叶雄,蔡译贤",存续,直利特/锦辉关联,
贵州遵义市道真县三江镇群乐村星境心理咨询有限公司,贵州,道真县,"伍胜松(法定代表人),汤超,李铮,叶小行",存续,英高特/启赋关联,
贵州遵义市道真县三江镇体德素质心理咨询有限公司,贵州,道真县,"伍胜松(法定代表人),叶小行,汤超",存续,英高特/启赋关联,
贵州遵义市道真县慧翼托管服务有限公司,贵州,道真县,"伍胜松(法定代表人),汤超,叶小行",存续,英高特/启赋关联,
贵州毕节市织金县怀星教育咨询有限公司,贵州,毕节市织金县,"帅帅(法定代表人),叶中源",存续,云科通立关联,
贵州贵州观山湖区蕾馨教育咨询有限公司,贵州,贵阳市观山湖区,"苏蕾蕾(法定代表人),王陈伟",存续,云科通立关联,
贵州贵阳白云区伟鑫达教育咨询有限公司,贵州,贵阳市白云区,"王陈伟(法定代表人),苏蕾蕾",存续,云科通立关联,
贵州贵阳云岩区成远维拉教育咨询有限公司,贵州,贵阳市云岩区,"成远(法定代表人),唐青华,谢维",存续,成远教育,
江苏南通如皋市德智体能拓展有限公司,江苏,南通市如皋市,"张业所(法定代表人),张晓星(监事),郭金华(高层)",存续,德智体能,
江苏镇江句容市德育善青少年成长基地,江苏,镇江市句容市,"伍贤荣(法定代表人),李般清,丁文波,伍超",存续,德育善,
江苏镇江句容市德育善教育咨询有限公司,江苏,镇江市句容市,"伍贤荣,李般清",存续,德育善,
江苏徐州睢宁县翰林青少年训练营,江苏,徐州市睢宁县,"朱亚楠(法定代表人),邵晓莉(监事),朱教官",存续,翰林教育,
江苏徐州睢宁县翰林教育咨询有限公司,江苏,徐州市睢宁县,"朱亚楠,邵晓莉",存续,翰林教育,
江苏宿迁市泗洪县苏北青少年成长教育,江苏,宿迁市泗洪县,"张龙龙(法定代表人),王磊,张建",存续,苏北青少年/北星,
江苏宿迁市泗洪县北星教育咨询有限公司,江苏,宿迁市泗洪县,"张龙龙,王磊",存续,苏北青少年/北星,
江苏常州武进区利领教育咨询有限公司,江苏,常州市武进区,"卓江伟(法定代表人),苏玲,赵坤",存续,利领教育关联,
江苏南京江北新区兴智教育科技有限公司,江苏,南京市,"张然(法定代表人),汪志强(监事)",存续,兴智教育体系,
江苏无锡梁溪区兴智教育科技有限公司,江苏,无锡市,"张然,汪志强",存续,兴智教育体系,
江苏苏州姑苏区兴智教育科技有限公司,江苏,苏州市,"张然,汪志强",存续,兴智教育体系,
江苏南京建邺区竞阅专注教育科技有限公司,江苏,南京市,"郑丽(法定代表人),忽以阳(监事)",存续,竞思/太优体系,
江苏苏州工业园区竞思教育科技有限公司,江苏,苏州市,"忽以阳(法定代表人),张龙",存续,竞思/太优体系,
江苏无锡梁溪区竞思教育科技有限公司,江苏,无锡市,"忽以阳,张龙",存续,竞思/太优体系,
江苏南京栖霞区圣贤训教育咨询有限公司,江苏,南京市,"林辉忠(法定代表人),周刘梅",存续,圣贤训体系,
江苏苏州昆山市特学教育咨询有限公司,江苏,昆山市,"唐平稳(法定代表人),蒋群芳",已注销,特学教育关联,
云南昆明安宁市好孩子三生教育培训学校,云南,昆明安宁市,"詹大年(校长/法定代表人),尹斌(执行校长),周燕(监事),周利文",存续,好孩子体系,
云南昆明市宜良县丑小鸭中学,云南,昆明市宜良县,"詹大年(校长),杨柳芳(法定代表人),万顺全,孙永坤",存续,好孩子/丑小鸭,
云南昆明安宁市好孩子教育咨询有限公司,云南,昆明安宁市,"詹大年,杨柳芳",存续,好孩子体系,
云南昆明市西山区起点养成教育培训学校,云南,昆明市西山区,"高保华(校长/法定代表人),李丽珍(监事),段正光",存续,起点养成,
云南昆明市西山区起点养成教育信息咨询有限公司,云南,昆明市西山区,"高保华,李丽珍",存续,起点养成,
云南昆明市宜良县九舟教育咨询有限公司,云南,昆明市宜良县,"张万昌(法定代表人),秦雪梅",存续,九舟体系,
云南昆明市宜良县九舟青少年素质拓展训练基地,云南,昆明市宜良县,张万昌,存续,九舟体系,
云南曲靖市沾益县焕然成长训练中心,云南,曲靖市沾益县,秦晓云(负责人),已关闭,焕然成长,
云南曲靖市沾益县焕然教育咨询有限公司,云南,曲靖市沾益县,秦晓云(法定代表人),已注销,焕然成长,
云南昆明官渡区赏美教育咨询有限公司,云南,昆明市官渡区,"邓勇(法定代表人),陈明琼,彭书银",已注销,赏美教育关联,
云南昆明五华区精诚弘毅教育咨询有限公司,云南,昆明市五华区,"彭书银(法定代表人),杨佳",存续,精诚弘毅关联,
云南昆明西山区励志特训学校,云南,昆明市,"李朝阳(法定代表人),李育全",存续,启德关联,
云南昆明官渡区云科通立教育咨询有限公司,云南,昆明市官渡区,"帅帅(法定代表人),叶中源(监事)",存续,云科通立体系,
云南昆明官渡区帅帅心理咨询服务部,云南,昆明市官渡区,帅帅(负责人),存续,云科通立体系,
云南昆明呈贡区通立文化传播有限公司,云南,昆明市呈贡区,"帅帅,叶中源",存续,云科通立体系,
云南昆明经开区成远教育信息咨询服务部,云南,昆明市,"成远(负责人),付江涛",存续,成远教育关联,
云南昆明盘龙区兴智教育咨询有限公司,云南,昆明市,"张然(法定代表人),汪志强",存续,兴智教育体系,
河北石家庄市正定县范达素质教育培训学校,河北,石家庄市正定县,"康金钟(法定代表人),康凯(监事),何教官,范老师",存续,范达教育,
河北石家庄栾城区新启航青少年特训学校,河北,石家庄市栾城区,"赵亚东(法定代表人),刘伟(教官),张丽(咨询师)",存续,新启航,
河北衡水滨湖新区乾景健康咨询有限公司,河北,衡水滨湖新区,"李国彬(法定代表人),冯晓倩(监事),魏文利",存续,乾景/远景,
河北衡水滨湖新区乾景青少年成长基地,河北,衡水滨湖新区,李国彬,存续,乾景/远景,
河北唐山路北区森太教育科技有限公司,河北,唐山市路北区,"范志刚(法定代表人),柳崇武(监事),王素芹",存续,德志体系关联,
河北石家庄市藁城区德志特训学校,河北,石家庄市藁城区,未明确,存续,德志特训,
河北保定市竞秀区兴智教育咨询有限公司,河北,保定市竞秀区,"张然(法定代表人),汪志强",存续,兴智教育体系,
河北石家庄市长安区竞思教育科技有限公司,河北,石家庄市长安区,"忽以阳(法定代表人),张龙",存续,竞思/太优体系,
河北保定市高新区成远教育咨询部,河北,保定市,"成远(负责人),付江涛",存续,成远教育关联,
辽宁大连沙河口区首席教育科技有限公司,辽宁,大连市沙河口区,"温怀港(法定代表人),王晓东(监事),李思,方策",存续,大连首席体系,
辽宁大连甘井子区首席教育培训学校有限公司,辽宁,大连市甘井子区,"温怀港,王晓东",存续,大连首席体系,
辽宁大连金州区首席青少年素质拓展中心,辽宁,大连市金州区,温怀港,存续,大连首席体系,
辽宁铁岭慧诺特教育信息咨询有限公司,辽宁,铁岭市,"张玉涛(法定代表人),张爽(监事),李经理",存续,慧诺特,
辽宁铁岭慧诺特青少年成长基地,辽宁,铁岭市,张玉涛,存续,慧诺特,
辽宁沈阳自由贸易试验区兴智教育科技有限公司,辽宁,沈阳市,"张然(法定代表人),汪志强(监事)",存续,兴智教育体系,
辽宁大连沙河口区兴智教育咨询有限公司,辽宁,大连市,"张然,汪志强",存续,兴智教育体系,
辽宁大连市甘井子区圣贤训教育咨询有限公司,辽宁,大连市,"林辉忠(法定代表人),周刘梅",存续,圣贤训体系,
辽宁沈阳市沈河区竞思教育科技有限公司,辽宁,沈阳市,"忽以阳(法定代表人),张龙",存续,竞思/太优体系,
辽宁大连沙河口区竞阅专注教育科技有限公司,辽宁,大连市,"郑丽(法定代表人),忽以阳",存续,竞思/太优体系,
甘肃兰州星志青少年素质教育学校,甘肃,兰州市,"程子春(法定代表人),仇露(监事),魏文利",已注销,星志教育,
甘肃兰州星志教育咨询有限公司,甘肃,兰州市,程子春,已注销,星志教育,
甘肃兰州城关区诚育德优文化体育发展有限公司,甘肃,兰州市城关区,"刘朋(法定代表人),李现炜(监事)",存续,诚育德优,
甘肃兰州城关区诚育德优素质特训基地,甘肃,兰州市城关区,刘朋,存续,诚育德优,
甘肃兰州七里河区西果园青云青少年素质拓展营,甘肃,兰州市七里河区,未明确,存续,青云拓展,
甘肃兰州市城关区兴智教育咨询有限公司,甘肃,兰州市,"张然(法定代表人),汪志强",存续,兴智教育体系,
甘肃兰州市安宁区竞思教育科技有限公司,甘肃,兰州市,"忽以阳(法定代表人),张龙",存续,竞思/太优体系,
福建福州连江县圣贤训励志戒网瘾封闭学校,福建,福州市连江县,"林辉忠(法定代表人),周刘梅(监事),林教官",存续,圣贤训体系,
福建福州连江县圣贤训教育咨询有限公司,福建,福州市连江县,"林辉忠,周刘梅",存续,圣贤训体系,
福建福州连江县圣贤训青少年成长基地,福建,福州市连江县,林辉忠,存续,圣贤训体系,
福建泉州市鲤城区四维未成年人成长指导服务中心,福建,泉州市鲤城区,"向明胜(法定代表人),李丽英",存续,四维成长,
福建泉州市鲤城区四维教育信息咨询有限公司,福建,泉州市鲤城区,"向明胜,李丽英",存续,四维成长,
福建厦门市集美区正德青少年素质拓展基地,福建,厦门市集美区,"谢卫平(法定代表人),刘莎",存续,正苗启德关联,
福建福州闽侯县兴智教育科技有限公司,福建,福州市闽侯县,"张然(法定代表人),汪志强(监事)",存续,兴智教育体系,
福建厦门思明区兴智家庭教育咨询有限公司,福建,厦门市思明区,"张然,汪志强",存续,兴智教育体系,
福建厦门思明区竞思教育科技有限公司,福建,厦门市,"忽以阳(法定代表人),张龙",存续,竞思/太优体系,
福建福州鼓楼区竞思教育科技有限公司,福建,福州市,"忽以阳,张龙",存续,竞思/太优体系,
福建厦门思明区竞阅专注教育科技有限公司,福建,厦门市,"郑丽(法定代表人),忽以阳",存续,竞思/太优体系,
福建厦门集美区成远教育咨询部,福建,厦门市,"成远(负责人),付江涛",存续,成远教育关联,
福建厦门思明区德智体能拓展有限公司厦门分公司,福建,厦门市,张业所(负责人),存续,德智体能,
浙江杭州市萧山区兴华励志拓展训练有限公司,浙江,杭州市萧山区,"梁依柔(法定代表人),梁美(校长),蒋雅诗(监事),甘小武,张译文",存续,兴华励志/正阳体系,
浙江绍兴市越城区青优青少年特训学校,浙江,绍兴市越城区,"江洪艳(法定代表人),江学伟(监事),魏田奇,梁美",存续,青优特训体系,
浙江绍兴市越城区青优教育咨询有限公司,浙江,绍兴市越城区,"江洪艳,江学伟",存续,青优特训体系,
浙江金华永康市战友青少年心理矫正教育学校,浙江,永康市,"胡鑫帅(法定代表人),董子扬(监事),楼航凯",存续,战友教育,
浙江温州平阳县启赋励德艺体培训学校,浙江,平阳县,"伍胜松(法定代表人),汤超,李铮",存续,英高特/启赋关联,
浙江温州平阳县启赋教育咨询有限公司,浙江,平阳县,"伍胜松,叶小行",存续,英高特/启赋关联,
浙江杭州拱墅区竞思教育科技有限公司,浙江,杭州市拱墅区,"忽以阳(法定代表人),张龙,张瑛,邵琴",存续,竞思/太优体系,
浙江杭州拱墅区太优专注教育科技有限公司,浙江,杭州市拱墅区,"忽以阳,张龙,张瑛",存续,竞思/太优体系,
浙江杭州拱墅区竞阅专注教育科技有限公司,浙江,杭州市拱墅区,"郑丽(法定代表人),忽以阳,李嘉欣",存续,竞思/太优体系,
浙江宁波鄞州区竞思教育科技有限公司,浙江,宁波市,"忽以阳,张龙",存续,竞思/太优体系,
浙江温州鹿城区竞思教育科技有限公司,浙江,温州市,"忽以阳,张龙",存续,竞思/太优体系,
浙江嘉兴南湖区竞思教育科技有限公司,浙江,嘉兴市,"忽以阳,张龙",存续,竞思/太优体系,
浙江杭州拱墅区爱美创教育科技有限公司,浙江,杭州市拱墅区,"汪志强(法定代表人),王春龙,吴万根,岑兵,张志强",存续,兴智/爱美创体系,
浙江杭州拱墅区兴穆教育科技有限公司,浙江,杭州市拱墅区,"蔡思杰(法定代表人),汪志强",存续,兴智教育体系,
浙江杭州钱塘区兴智教育咨询有限公司,浙江,杭州市钱塘区,"张然(法定代表人),汪志强",存续,兴智教育体系,
浙江宁波鄞州区兴智教育咨询有限公司,浙江,宁波市,"张然,汪志强",存续,兴智教育体系,
浙江温州鹿城区兴智教育咨询有限公司,浙江,温州市,"张然,汪志强",存续,兴智教育体系,
浙江杭州高新区成远教育咨询部,浙江,杭州市,"成远(负责人),付江涛",存续,成远教育关联,
山西运城市盐湖区正芯特训基地,山西,运城市盐湖区,"孙红林(法定代表人),杨娟(监事),张教官",存续,正芯教育,
山西运城市盐湖区正芯教育信息咨询有限公司,山西,运城市盐湖区,"孙红林,杨娟",存续,正芯教育,
山西晋城城区习童教育咨询有限公司,山西,晋城市城区,"李思(法定代表人),彭开(监事),温怀港",存续,大连首席体系关联,
山西太原小店区兴智教育科技有限公司,山西,太原市小店区,"张然(法定代表人),汪志强",存续,兴智教育体系,
山西太原小店区竞思教育科技有限公司,山西,太原市,"忽以阳(法定代表人),张龙",存续,竞思/太优体系,
山西太原迎泽区竞阅专注教育科技有限公司,山西,太原市,"郑丽(法定代表人),忽以阳",存续,竞思/太优体系,
山西大同平城区竞思教育科技有限公司,山西,大同市,"忽以阳,张龙",存续,竞思/太优体系,
内蒙古呼和浩特正兴咨询服务有限责任公司,内蒙古,呼和浩特市,"兰福军(法定代表人),薛志亮(监事),汤超,李铮",存续,正兴/英高特关联,
内蒙古呼和浩特正兴青少年素质拓展基地,内蒙古,呼和浩特市,兰福军,存续,正兴/英高特关联,
内蒙古锡林郭勒盟鸿梦教育咨询有限公司,内蒙古,锡林郭勒盟,"腾先兆(法定代表人),浦明姝(监事)",存续,全国性换壳体系,
内蒙古呼和浩特赛罕区竞思教育科技有限公司,内蒙古,呼和浩特市,"忽以阳(法定代表人),张龙",存续,竞思/太优体系,
内蒙古呼和浩特赛罕区兴智教育咨询有限公司,内蒙古,呼和浩特市,"张然(法定代表人),汪志强",存续,兴智教育体系,
吉林松原市宁江区新城乡创新学校,吉林,松原市,"毕永文(法定代表人),谭凤涛(高管),梁波,张德福",存续,谦德/创新体系,
吉林松原市宁江区创新教育咨询有限公司,吉林,松原市,"毕永文,谭凤涛",存续,谦德/创新体系,
吉林长春二道区俭德明志教育咨询有限公司,吉林,长春市二道区,"王广波(法定代表人),冯子晗(监事),李明华",存续,俭德体系,
吉林长春二道区俭德青少年成长基地,吉林,长春市二道区,王广波,存续,俭德体系,
吉林长春市南关区奥斯汀教育科技有限公司,吉林,长春市南关区,"隋伟(法定代表人),吴晓莉(高管),栾琳(监事),常宏,隋明哲",存续,奥斯汀体系,
吉林长春市南关区奥斯汀研学旅行有限公司,吉林,长春市南关区,"隋伟,栾琳",存续,奥斯汀体系,
吉林长春市南关区兴智教育咨询有限公司,吉林,长春市,"张然(法定代表人),汪志强",存续,兴智教育体系,
吉林长春市南关区竞思教育科技有限公司,吉林,长春市,"忽以阳(法定代表人),张龙",存续,竞思/太优体系,
吉林长春朝阳区竞阅专注教育科技有限公司,吉林,长春市,"郑丽(法定代表人),忽以阳",存续,竞思/太优体系,
黑龙江哈尔滨市道外区猎人教育培训有限公司,黑龙江,哈尔滨市道外区,"徐可义(法定代表人),李可芳(监事),王志军",存续,猎人少年军校,
黑龙江哈尔滨猎人少年军校,黑龙江,哈尔滨市,徐可义,存续,猎人少年军校,
黑龙江牡丹江市东安区遵舒商贸有限公司,黑龙江,牡丹江市东安区,"舒森海(法定代表人),陈永成(监事)",存续,遵舒商贸,
海南海口市琼山区云龙镇快乐成长培训学校,海南,海口市琼山区,李寿果(法定代表人),存续,快乐成长培训,
海南万宁市山根镇北辰青少年素质教育基地,海南,万宁市,未明确,存续,北辰教育,
海南海口龙华区启斌励志教育咨询有限公司,海南,海口市龙华区,"伍胜松(法定代表人),李海蓉(监事)",存续,英高特/启赋关联,
海南海口龙华区尚岛文教管理集团有限公司,海南,海口市龙华区,"李铮(法定代表人),汤超(监事)",存续,英高特体系,
宁夏石嘴山市大武口区航正心理咨询有限责任公司,宁夏,石嘴山市大武口区,"熊志珍(法定代表人),孟新宁(监事),张自强,张月花",存续,航正心理,
北京中国青少年心理成长基地,北京,大兴区,陶然(主任),存续,陶然/网戒基地,
北京荣格心理咨询有限公司,北京,朝阳区,"康镔(法定代表人),陶燃(经理),薛刚(监事),张优",存续,陶然/荣格体系,
北京大兴区黄村镇新荣格健康科技有限公司,北京,大兴区,"陶燃(法定代表人),薛刚(监事)",存续,陶然/荣格体系,
北京朝阳区康然诊所有限公司,北京,朝阳区,"陶燃(法定代表人),薛刚(监事)",存续,陶然/荣格体系,
北京言德青少年素质教育学校,北京,朝阳区,未明确,存续,言德教育,
北京善聆青少年素质教育学校,北京,未明确,未明确,存续,善聆教育,
北京昌平区育人邦心理教育学校/咨询管理有限公司,北京,昌平区,"张彬(创始人),陶如玉,田威(法定代表人),王博文(监事)",存续,育人邦体系,
北京昌平区金时代教育科技有限公司,北京,昌平区,"张彬(法定代表人),陶如玉,涂善财,方岩,王硕",存续,育人邦关联,
北京昌平区聚慧人教育科技有限公司,北京,昌平区,"张彬(法定代表人),陶如玉,李文,张玉乐,张京敏",存续,育人邦关联,
北京海淀区北京大学中国青少年成长训练营,北京,海淀区,"卢兰香(法定代表人),刘萍,苗步林,何文义,王雪琳",存续,心航线/燕园三方,
北京海淀区博雅心航线教育科技有限公司,北京,海淀区,"卢兰香,刘萍,苗步林",存续,心航线/燕园三方,
北京海淀区燕园三方文化传播有限公司/教育科技有限公司,北京,海淀区,"卢兰香,刘萍,苗步林",存续,心航线/燕园三方,
北京大兴区智趣心天地教育咨询有限公司,北京,大兴区,"卢兰香(法定代表人),方向丽,刘萍",已注销,心航线关联,
北京海淀区金榜世纪教育咨询有限公司,北京,海淀区,"丁锴(法定代表人),管卫伟,周林",存续,金榜教育,
北京朝阳区坤行明知教育科技有限公司,北京,朝阳区,"阿拉腾仓(法定代表人),周林,陈宝银",存续,坤行明知,
北京海淀区菁英树教育科技有限公司,北京,海淀区,"杨凯(法定代表人),周林,管卫伟",存续,菁英树教育,
北京海淀区博海环球国际教育科技有限公司,北京,海淀区,"杨凯(法定代表人),陈宝银",存续,博海环球,
北京海淀区温泉镇四海孔子书院,北京,海淀区,冯哲(校长/法定代表人),存续,四海孔子书院,
北京海淀区中青少教育科技中心,北京,海淀区,"向亚云(法定代表人),杜正梅",存续,中青少教育,
北京延庆区真知正见心理咨询有限公司,北京,延庆区,"明康宁(法定代表人),王麦龙(监事),李存浩",存续,正心关联,
北京朝阳区成远美职教育科技有限公司,北京,朝阳区,"成远(法定代表人),谭俊枭",存续,成远教育,
北京东城区太优教育科技有限公司,北京,东城区,"贾利娟(法定代表人),忽以阳(高层),张龙(监事)",存续,竞思/太优体系,
北京通州区竞巧教育科技有限公司,北京,通州区,"张冰(法定代表人),忽以阳(监事)",存续,竞思/太优体系,
北京海淀区竞英教育科技有限公司,北京,海淀区,"张冰(法定代表人),贾利娟(监事)",存续,竞思/太优体系,
北京平谷区竞佳教育科技有限公司,北京,平谷区,"张冰(法定代表人),忽以阳(监事)",存续,竞思/太优体系,
北京昌平区竞卓教育科技有限公司,北京,昌平区,"张冰(法定代表人),张龙(监事),王科璇",存续,竞思/太优体系,
上海浦东新区南汇新城镇关兴教育科技有限公司,上海,浦东新区,"宗诚(法定代表人),李建华(监事),宗敏",存续,关兴教育,
上海关兴教育科技有限公司航头分公司,上海,浦东新区,宗诚(负责人),存续,关兴教育,
上海浦东新区航头镇关兴教育培训中心,上海,浦东新区,"宗懿嘉(法定代表人),周捷",存续,关兴教育,
上海市浦东新区大团镇公谊养护院,上海,浦东新区,丁美凤(法定代表人),存续,公谊养护,
上海市浦东新区川沙新镇猎鹰军事拓展训练基地,上海,浦东新区,未明确,存续,猎鹰拓展,
上海正德素质教育特训学校,上海,未明确,未明确,存续,正德素质教育,
上海长宁区/虹口区阅巧教育/竞阅教育科技有限公司,上海,长宁区/虹口区,"邵琴(法定代表人),忽以阳(监事)",存续,竞思/太优体系,
上海浦东新区竞优专注科技有限公司,上海,浦东新区,马金苗(法定代表人),存续,竞思/太优体系,
上海徐汇区竞巧教育科技有限公司,上海,徐汇区,"邵琴(法定代表人),张瑛,马金苗",存续,竞思/太优体系,
浙江杭州淳安县明南教育/电罗教育/绿橡教育科技有限公司,浙江,杭州淳安县,"浦明姝,腾先兆,韩幸福",存续,全国性换壳体系 ,
江苏南京江北新区裕浩超教育/科梦展教育/裕杰明教育科技有限公司,江苏,南京江北新区,"浦明姝,腾先兆,邹曙鸿",存续,全国性换壳体系 ,
云南文山文山市宏翔教育/瀚生教育/玖亿教育咨询有限公司,云南,文山市,"腾先兆,韩幸福,许焕影,刘洋",存续,全国性换壳体系 ,
内蒙古锡林郭勒盟鸿梦教育咨询有限公司,内蒙古,锡林郭勒盟,"腾先兆,浦明姝",存续,全国性换壳体系 ,
海南海口龙华区幺需于教育咨询有限公司,海南,海口龙华区,"腾先兆,浦明姝",存续,全国性换壳体系 ,
安徽合肥蜀山区洛晟任教育科技有限公司,安徽,合肥蜀山区,"王文杰,邹曙鸿",存续,全国性换壳体系 ,
陕西咸阳秦都区盛世名天教育/云科通立教育科技有限公司,陕西,咸阳秦都区,"帅帅,李学建",存续,云科通立体系 ,
贵州毕节织金县怀星教育/贵阳蕾馨教育/伟鑫达教育咨询有限公司,贵州,毕节/贵阳,"帅帅,苏蕾蕾,王陈伟,叶中源",存续,云科通立体系 ,
湖北益阳资阳区惠橙教育/惠晟教育咨询有限公司,湖北,益阳资阳区,"戴宇航,叶中源",存续,云科通立体系 ,
福建厦门湖里区上考文化传播有限公司,福建,厦门湖里区,"王晓东,方策,赵海微",存续,大连首席体系 ,
辽宁大连甘井子区领越教育科技有限公司,辽宁,大连甘井子区,"方策,温怀港",存续,大连首席体系 ,
新疆乌鲁木齐高新区飞图教育/高博教育咨询有限公司,新疆,乌鲁木齐,"彭开,唐甜",存续,大连首席体系 ,
湖北荆门东宝区泡岗教育/贰寒教育/斐居教育科技有限公司,湖北,荆门东宝区,"方策,温怀港,赵海微",存续,大连首席体系 ,
